"id","query","language","intent","terminal","entities","expected_response","notes"
"1","اکانومی کلاس میں سامان کی کتنی اجازت ہے؟","ur","baggage","departure","{}","اکانومی کلاس مسافروں کو 20 کلو چیک شدہ سامان اور 7 کلو کیبن سامان کی اجازت ہے","عام سوال"
"2","اضافی سامان کا کتنا چارج ہے؟","ur","baggage","departure","{}","اضافی سامان کی قیمت ملکی پروازوں کے لیے فی کلو 800 روپے اور بین الاقوامی پروازوں کے لیے فی کلو 15 ڈالر ہے","قیمت کا سوال"
"3","کیا میں ہینڈ لگیج کے ساتھ لیپ ٹاپ بیگ بھی لے جا سکتا ہوں؟","ur","baggage","departure","{}","جی ہاں، آپ اپنے کیبن سامان کے علاوہ ایک لیپ ٹاپ بیگ یا ہینڈ بیگ لے جا سکتے ہیں","کیبن سامان کے قواعد"
"4","چیک شدہ سامان میں کون سی اشیاء ممنوع ہیں؟","ur","baggage","departure","{}","ممنوعہ اشیاء میں لتھیم بیٹریاں، پاور بینک، لائٹر، تیز دھار چیزیں اور آتش گیر مواد شامل ہیں","حفاظتی ضابطے"
"5","کیبن سامان کی وزن کی حد کیا ہے؟","ur","baggage","departure","{}","کیبن سامان کا وزن 7 کلو سے زیادہ نہیں ہونا چاہیے اور سائز 56 سینٹی میٹر x 36 سینٹی میٹر x 23 سینٹی میٹر ہونا چاہیے","معیاری حدود"
"6","سامان جمع کرانے کا کاؤنٹر کہاں ہے؟","ur","baggage","departure","{}","سامان جمع کرانے کے کاؤنٹر آپ کی ایئر لائن کے چیک ان کے علاقے میں روانگی ہال میں واقع ہیں","مقام کا سوال"
"7","کیا میں ہوائی اڈے پر اضافی سامان چیک ان کر سکتا ہوں؟","ur","baggage","departure","{}","جی ہاں، آپ دستیابی کے مطابق چیک ان کاؤنٹر پر اضافی سامان کی اجازت خرید سکتے ہیں","آخری لمحے کی خریداری"
"8","بچوں کے لیے سامان کی اجازت کیا ہے؟","ur","baggage","departure","{""passenger_type"":""infant""}","شیر خوار بچوں کو 10 کلو چیک شدہ سامان اور ایک تہہ ہونے والی گاڑی یا کار سیٹ کی اجازت ہے","خاندانی سفر"
"9","کیا موسیقی کے آلات کیبن سامان کے طور پر لے جا سکتے ہیں؟","ur","baggage","departure","{""item"":""musical instrument""}","چھوٹے موسیقی کے آلات جو اوور ہیڈ بن میں آ جائیں اجازت ہیں؛ بڑے آلات چیک کرنے ہوں گے یا اضافی سیٹ چاہیے","خاص اشیاء"
"10","سامان چیک ان کے لیے کتنی جلدی پہنچنا چاہیے؟","ur","baggage","departure","{}","بین الاقوامی پروازوں سے کم از کم 3 گھنٹے پہلے اور ملکی پروازوں سے 2 گھنٹے پہلے پہنچیں","وقت کی تجویز"
"11","کیا میں اپنے چیک شدہ سامان کو تالا لگا سکتا ہوں؟","ur","baggage","departure","{}","جی ہاں، آپ TSA منظور شدہ تالے استعمال کر سکتے ہیں؛ عام تالوں سے بچیں کیونکہ سیکیورٹی کو آپ کے بیگ کا معائنہ کرنا پڑ سکتا ہے","حفاظتی مشورہ"
"12","اگر میرا سامان زیادہ وزنی ہو تو کیا ہوگا؟","ur","bagbage","departure","{}","آپ کو اضافی سامان کی فیس دینی ہوگی یا وزن کی حد پوری کرنے کے لیے چیزیں نکالنی ہوں گی","عام تشویش"
"13","کیا کھیلوں کا سامان چیک شدہ سامان میں اجازت ہے؟","ur","baggage","departure","{""item"":""sports equipment""}","جی ہاں، گولف کلب اور سکی جیسے کھیلوں کا سامان اجازت ہے لیکن اضافی چارجز لگ سکتے ہیں","خاص سامان"
"14","کیا میں اپنے کیبن بیگ میں مائعات لے جا سکتا ہوں؟","ur","baggage","departure","{""item"":""liquids""}","مائعات 100 ملی لیٹر یا اس سے کم کے کنٹینرز میں ہونے چاہئیں، صاف پلاسٹک بیگ میں رکھے ہوئے (زیادہ سے زیادہ 1 لیٹر)","سیکیورٹی قاعدہ"
"15","بزنس کلاس کا سامان کی اجازت کیا ہے؟","ur","baggage","departure","{""class"":""business""}","بزنس کلاس مسافروں کو 30 کلو چیک شدہ سامان اور 7 کلو کیبن سامان کی اجازت ہے","پریمیم کلاس"
"16","کیا پاور بینک چیک شدہ سامان میں لے جا سکتے ہیں؟","ur","baggage","departure","{""item"":""power bank""}","نہیں، پاور بینک صرف کیبن سامان میں ہونے چاہئیں آگ کی حفاظت کے ضوابط کی وجہ سے","اہم پابندی"
"17","کیا میں ہوائی اڈے پر اپنے سامان کو لپیٹ سکتا ہوں؟","ur","baggage","departure","{}","جی ہاں، چیک ان کے علاقے کے قریب فیس کے عوض سامان لپیٹنے کی سروس دستیاب ہے","اضافی خدمت"
"18","کیبن سامان کے طور پر کتنے سائز کا بیگ اجازت ہے؟","ur","baggage","departure","{}","زیادہ سے زیادہ سائز 56 سینٹی میٹر x 36 سینٹی میٹر x 23 سینٹی میٹر ہے","سائز کی پابندیاں"
"19","میں مفت میں کتنے بیگ چیک ان کر سکتا ہوں؟","ur","baggage","departure","{}","یہ آپ کی ایئر لائن اور ٹکٹ کلاس پر منحصر ہے؛ اکانومی میں عام طور پر 1-2 بیگ اجازت ہیں","ایئر لائن کے لحاظ سے مختلف"
"20","کیا ڈیوٹی فری اشیاء کیبن سامان کی اجازت میں شامل ہیں؟","ur","baggage","departure","{""item"":""duty-free""}","ڈیوٹی فری خریداریاں عام طور پر آپ کے کیبن سامان کی اجازت کے علاوہ ہوتی ہیں","خریداری کی استثنیٰ"
"21","کیا میں اپنے چیک شدہ سامان میں کھانے کی اشیاء لے جا سکتا ہوں؟","ur","baggage","departure","{""item"":""food""}","زیادہ تر غیر مائع کھانے کی اشیاء اجازت ہیں؛ تازہ پیداوار کے لیے منزل ملک کی پابندیاں چیک کریں","منزل کے لحاظ سے مختلف"
"22","اگر میرا سامان سائز کی پابندیوں سے زیادہ ہو تو کیا ہوگا؟","ur","baggage","departure","{}","بڑے سائز کا سامان چیک کرنا ضروری ہے اور اضافی فیس لگ سکتی ہے","سائز کی خلاف ورزی"
"23","کیا سامان جمع کرانے کے لیے الگ قطار ہے؟","ur","baggage","departure","{}","کچھ ایئر لائنز آن لائن چیک ان کرنے والے مسافروں کے لیے الگ سامان جمع کرانے کے کاؤنٹر فراہم کرتی ہیں","فاسٹ ٹریک آپشن"
"24","کیا میں الیکٹرانکس چیک شدہ سامان میں لے جا سکتا ہوں؟","ur","baggage","departure","{""item"":""electronics""}","قیمتی الیکٹرانکس کیبن سامان میں لے جانے کی تجویز ہے تاکہ نقصان یا چوری سے بچا جا سکے","حفاظتی تجویز"
"25","سامان چیک ان پر کون سی اشیاء کا اعلان کرنا ضروری ہے؟","ur","baggage","departure","{}","قیمتی اشیاء، نازک سامان، لتھیم بیٹریاں اور کسی بھی محدود اشیاء کا اعلان کریں","اعلان کی ضروریات"
"26","کیا بڑے سائز کے سامان کے لیے ذخیرہ کی سہولیات ہیں؟","ur","baggage","departure","{}","بڑے سائز کے سامان کو خاص کاؤنٹروں پر سنبھالا جاتا ہے؛ مخصوص طریقہ کار کے لیے اپنی ایئر لائن سے رابطہ کریں","خاص نمٹنا"
"27","کیا میں آن لائن چیک ان کے بعد سامان کی اجازت شامل کر سکتا ہوں؟","ur","baggage","departure","{}","جی ہاں، آپ سامان جمع کرانے سے پہلے ہوائی اڈے کے کاؤنٹر پر اضافی اجازت خرید سکتے ہیں","چیک ان کے بعد خریداری"
"28","کیبن سامان میں کیا اجازت نہیں ہے؟","ur","baggage","departure","{}","تیز دھار چیزیں، اوزار، 100 ملی لیٹر سے زیادہ مائعات اور کھیلوں کا سامان کیبن میں اجازت نہیں","سیکیورٹی پابندیاں"
"29","میں خراب شدہ سامان کی اطلاع کیسے دوں؟","ur","baggage","departure","{}","ہوائی اڈہ چھوڑنے سے پہلے فوری طور پر ایئر لائن کے سامان کی سروس کاؤنٹر پر خراب شدہ سامان کی اطلاع دیں","نقصان کے دعوے"
"30","کیا میں اپنی شادی کا لباس کیبن سامان کے طور پر لے جا سکتی ہوں؟","ur","baggage","departure","{""item"":""wedding dress""}","شادی کے لباس کیبن سامان کے طور پر لے جائے جا سکتے ہیں اگر وہ اوور ہیڈ بن میں آ جائیں یا آپ گارمنٹ بیگ کی درخواست کر سکتے ہیں","خاص موقع"
"31","کیا عارضی طور پر سامان ذخیرہ کرنے کے لیے لاکر ہیں؟","ur","baggage","departure","{}","روانگی ہال میں فیس کے عوض عارضی سامان ذخیرہ کرنے کے لاکر دستیاب ہیں","ذخیرہ کا آپشن"
"32","سامان چیک ان کے لیے کون سے دستاویزات چاہیے؟","ur","baggage","departure","{}","سامان چیک ان کے لیے آپ کو اپنا بورڈنگ پاس اور درست شناختی کارڈ/پاسپورٹ چاہیے","مطلوبہ دستاویزات"
"33","کیا میں اپنے سامان کی اجازت کو بیگوں میں تقسیم کر سکتا ہوں؟","ur","baggage","departure","{}","جی ہاں، آپ اپنے کل وزن کی اجازت کو متعدد بیگوں میں تقسیم کر سکتے ہیں جب تک کہ ہر ایک انفرادی بیگ کی حد سے تجاوز نہ کرے","وزن کی تقسیم"
"34","کیا نازک اشیاء چیک شدہ سامان میں اجازت ہیں؟","ur","baggage","departure","{""item"":""fragile""}","نازک اشیاء چیک کی جا سکتی ہیں لیکن مناسب طریقے سے پیک ہونی چاہئیں؛ قیمتی چیزیں کیبن میں لے جانے کی تجویز ہے","خطرے کا مشورہ"
"35","طلباء کے لیے سامان کی اجازت کیا ہے؟","ur","baggage","departure","{""passenger_type"":""student""}","کچھ ایئر لائنز طلباء کے لیے اضافی سامان کی اجازت دیتی ہیں؛ مخصوص پالیسیوں کے لیے اپنی ایئر لائن سے چیک کریں","خاص زمرہ"
"36","کیا میں دوائیں کیبن سامان میں لے جا سکتا ہوں؟","ur","baggage","departure","{""item"":""medicines""}","جی ہاں، نسخے کی دوائیں مناسب دستاویزات کے ساتھ کیبن سامان میں اجازت ہیں","طبی استثنیٰ"
"37","ایئر لائنز کیبن سامان کے وزن کے بارے میں کتنی سخت ہیں؟","ur","baggage","departure","{}","زیادہ تر ایئر لائنز خاص طور پر چوٹی کے موسموں میں 7 کلو کی حد کو سختی سے نافذ کرتی ہیں","نفاذ کی سطح"
"38","کیا میں پالتو جانوروں کے کیریئر کو سامان کے طور پر چیک ان کر سکتا ہوں؟","ur","baggage","departure","{""item"":""pet carrier""}","منظور شدہ کیریئر میں چھوٹے پالتو جانور کیبن میں اجازت ہو سکتے ہیں؛ بڑے پالتو جانور چیک شدہ سامان یا کارگو کے طور پر سفر کریں","پالتو جانوروں کا سفر"
"39","اپنے بیگ کو چیک کرنے سے پہلے مجھے کیا نکالنا چاہیے؟","ur","baggage","departure","{}","تمام قیمتی چیزیں، دستاویزات، چابیاں، دوائیں، الیکٹرانکس اور خراب ہونے والی اشیاء نکال دیں","چیک سے پہلے کی تیاری"
"40","کیا کیمپنگ کا سامان اور خیمے اجازت ہیں؟","ur","baggage","departure","{""item"":""camping equipment""}","کیمپنگ کا سامان چیک شدہ سامان میں اجازت ہے؛ چاقو جیسی تیز دھار چیزیں مناسب طریقے سے پیک ہونی چاہئیں","آؤٹ ڈور گیئر"
"41","کیا میں بچوں کا کھانا کیبن سامان میں لے جا سکتا ہوں؟","ur","baggage","departure","{""item"":""baby food""}","بچوں کا کھانا اور دودھ شیر خوار بچوں کے ساتھ سفر کرنے والے مسافروں کے لیے مائع پابندیوں سے مستثنیٰ ہیں","خاندانی استثنیٰ"
"42","اگر میں اپنا سامان کا ٹیگ جمع نہیں کرتا تو کیا ہوگا؟","ur","baggage","departure","{}","سامان کا ٹیگ آپ کے سامان کا دعویٰ کرنے کے لیے ضروری ہے؛ اگر آپ اسے کھو دیں تو فوری طور پر اطلاع دیں","اہم دستاویز"
"43","کیا پریمیم اکانومی کے لیے وزن کی پابندیاں ہیں؟","ur","baggage","departure","{""class"":""premium economy""}","پریمیم اکانومی مسافروں کو عام طور پر 25 کلو چیک شدہ سامان کی اجازت ملتی ہے","درمیانی درجے کی کلاس"
"44","کیا میں دوسرے مسافروں کے ساتھ سامان یکجا کر سکتا ہوں؟","ur","baggage","departure","{}","سامان کا ملاپ ایئر لائن کی پالیسی پر منحصر ہے؛ کچھ ایک ہی بکنگ پر مسافروں کے لیے اجازت دیتی ہیں","گروپ سفر"
"45","چیک شدہ بیگوں کے لیے کون سی پیکیجنگ تجویز کی جاتی ہے؟","ur","baggage","departure","{}","نازک اشیاء کے لیے سخت خول والے سوٹ کیس استعمال کریں، تمام زپ محفوظ کریں اور TSA تالے استعمال کریں","پیکنگ کا مشورہ"
"46","کیا بیٹریاں چیک شدہ سامان میں اجازت ہیں؟","ur","baggage","departure","{""item"":""batteries""}","اضافی لتھیم بیٹریاں کیبن سامان میں ہونی چاہئیں؛ آلات میں نصب بیٹریاں چیک کی جا سکتی ہیں","بیٹری کے قواعد"
"47","کیا میں بکنگ کے بعد اپنے سامان کی اجازت تبدیل کر سکتا ہوں؟","ur","baggage","departure","{}","جی ہاں، آپ چیک ان سے پہلے آن لائن یا ہوائی اڈے کے کاؤنٹر پر اضافی اجازت خرید سکتے ہیں","بکنگ کے بعد تبدیلیاں"
"48","گمشدہ سامان کی ذمہ داری کی حد کیا ہے؟","ur","baggage","departure","{}","بین الاقوامی پروازوں کے لیے ایئر لائنز کی ذمہ داری فی مسافر تقریباً 1,500-2,000 ڈالر تک محدود ہے","معاوضے کی حدود"
"49","کیا کوئی رنگین کوڈ والے سامان کے ٹیگ ہیں؟","ur","baggage","departure","{}","ایئر لائنز منزل اور راستے کی شناخت کے لیے رنگین کوڈ والے ٹیگ استعمال کرتی ہیں؛ ترجیحی ٹیگ مختلف رنگ کے ہو سکتے ہیں","ٹیگ کا نظام"
"50","کیا میں کرسمس کی سجاوٹ چیک شدہ سامان میں لے جا سکتا ہوں؟","ur","baggage","departure","{""item"":""decorations""}","غیر نازک سجاوٹ اجازت ہے؛ شیشے کی سجاوٹ سے بچیں یا انہیں ٹوٹنے سے بچانے کے لیے مناسب طریقے سے پیک کریں","موسمی اشیاء"
"51","میں اپنی بوڑھی والدہ کے ساتھ سفر کر رہا ہوں، کیا ہمیں سامان میں مدد مل سکتی ہے؟","ur","baggage","departure","{""passenger"":""elderly""}","جی ہاں، اسلام آباد انٹرنیشنل ایئرپورٹ بزرگ مسافروں اور ان کے سامان کے لیے جامع امدادی خدمات فراہم کرتا ہے۔ آپ چیک ان کاؤنٹر پر مفت وہیل چیئر اور پورٹر سروسز کی درخواست کر سکتے ہیں۔ ہمارا تربیت یافتہ عملہ آپ کی والدہ کی چیک ان علاقے سے لے کر سیکیورٹی اسکریننگ تک مکمل مدد کرے گا، اور وہ پورے عمل کے دوران آپ کے سامان کو اٹھانے اور منظم کرنے میں بھی مدد کریں گے۔ پورٹر سروس میں بیگ کو چیک ان بیلٹ پر لوڈ کرنا، آپ کے ساتھ سیکیورٹی ایریا تک جانا، اور یہ یقینی بنانا شامل ہے کہ آپ کے تمام سامان کو مناسب طریقے سے سنبھالا جائے۔ بہترین تجربے کے لیے، جب آپ پہلی بار چیک ان کاؤنٹر پر پہنچیں تو ایئرلائن کے عملے کو اپنی مدد کی ضروریات کے بارے میں آگاہ کریں، اور وہ فوری مدد کا بندوبست کریں گے۔ اگر آپ کو وہیل چیئر کی ضرورت ہے تو یہ داخلی راستے اور پورے ٹرمینل میں دستیاب ہیں۔","بزرگوں کی مدد"
"52","اگر میری منسلک پرواز مختلف ایئرلائن کی ہے تو کیا ہوگا؟","ur","baggage","departure","{""flight_type"":""connecting""}","جب آپ کی اسلام آباد انٹرنیشنل ایئرپورٹ پر مختلف ایئرلائنز کے ساتھ منسلک پروازیں ہیں، تو آپ کو اپنا چیک شدہ سامان پہلی پرواز کے بیگیج کلیم ایریا سے جمع کرنا ہوگا اور پھر اسے اپنی دوسری ایئرلائن کے نامزد چیک ان کاؤنٹر پر دوبارہ چیک کرنا ہوگا۔ یہ انٹر ایئرلائن کنکشنز کے لیے معیاری طریقہ کار ہے کیونکہ ہر ایئرلائن کا الگ بیگیج ہینڈلنگ سسٹم اور ذمہ داری ہوتی ہے۔ اپنی پہلی پرواز کی روانگی سے پہلے، اپنی ابتدائی ایئرلائن کے چیک ان عملے کے ساتھ مکمل منتقلی کے طریقہ کار کی تصدیق کریں، کیونکہ وہ وقت اور آپ کی منسلک ایئرلائن کے لیے کونسا کاؤنٹر استعمال کرنا ہے کے بارے میں مخصوص رہنمائی فراہم کر سکتے ہیں۔ یقینی بنائیں کہ پروازوں کے درمیان کافی وقت ہو - ہم ایئرلائنز تبدیل کرتے وقت ملکی کنکشنز کے لیے کم از کم 3-4 گھنٹے اور بین الاقوامی کنکشنز کے لیے 4-5 گھنٹے کی سفارش کرتے ہیں۔","مختلف ایئرلائن منتقلی"
"53","کیا میں اپنے ہینڈ لگیج میں خشک میوہ جات اور گری دار میوے لے جا سکتا ہوں؟","ur","baggage","departure","{""item"":""dried fruits""}","جی ہاں، آپ اپنے ہینڈ لگیج میں خشک میوہ جات، گری دار میوے، بیج اور دیگر پیکیج شدہ نمکین بغیر کسی مقدار کی پابندی یا خصوصی اجازت کی ضرورت کے لے جا سکتے ہیں۔ یہ اشیاء مائع یا محدود سامان کے طور پر درجہ بند نہیں ہیں، اس لیے وہ بغیر کسی مسئلے کے سیکیورٹی اسکریننگ سے گزر جاتی ہیں۔ سہولت کے لیے اور سیکیورٹی چیک کو تیز کرنے کے لیے، بہتر ہے کہ ان کھانے کی اشیاء کو ان کی اصل سیل شدہ پیکیجنگ میں رکھیں یا انہیں صاف، شفاف پلاسٹک بیگ یا کنٹینرز میں رکھیں۔ یہ سیکیورٹی اہلکاروں کے لیے ایکسرے اسکریننگ کے دوران مواد کی فوری شناخت کو آسان بناتا ہے۔ مقبول اشیاء جیسے بادام، کاجو، پستہ، خشک خوبانی، کھجوریں، کشمش اور ٹریل مکس عام طور پر مسافروں کی طرف سے لے جائے جاتے ہیں اور بالکل قابل قبول ہیں۔","نمکین کی اجازت"
"54","میری پرواز 5 گھنٹے تاخیر کا شکار ہے، میں اپنا سامان کہاں اسٹور کر سکتا ہوں؟","ur","baggage","departure","{""issue"":""delayed flight""}","اہم پرواز کی تاخیر کے لیے، اسلام آباد انٹرنیشنل ایئرپورٹ ڈیپارچر ہال کے مرکزی داخلی راستے کے قریب لیفٹ لگیج اسٹوریج سہولیات پیش کرتا ہے۔ اسٹوریج سروس 24/7 کام کرتی ہے اور آپ کے سامان کے سائز اور وزن کے لحاظ سے تقریباً 300-500 روپے فی بیگ فی دن وصول کرتی ہے۔ یہ سہولت محفوظ ہے، سی سی ٹی وی کیمروں سے نگرانی کی جاتی ہے، اور تربیت یافتہ اہلکاروں کی نگرانی میں ہے جو آپ کو ایک کلیم ٹکٹ فراہم کریں گے۔ متبادل طور پر، آپ کو اپنی ایئرلائن کے کسٹمر سروس ڈیسک پر چیک کرنا چاہیے، کیونکہ بہت سی ایئرلائنز اہم تاخیر سے متاثرہ مسافروں کے لیے مفت عارضی بیگیج اسٹوریج پیش کرتی ہیں۔","تاخیر اسٹوریج"
"55","کیا یہاں خود بیگیج ٹیگ پرنٹ کرنے کی مشین ہے؟","ur","baggage","departure","{""service"":""tag printing""}","نہیں، اسلام آباد انٹرنیشنل ایئرپورٹ پر فی الوقت مسافروں کے استعمال کے لیے سیلف سروس بیگیج ٹیگ پرنٹنگ کیوسک دستیاب نہیں ہیں۔ تمام بیگیج ٹیگ چیک ان کاؤنٹرز پر مجاز ایئرلائن عملے کی طرف سے پرنٹ اور منسلک کیے جانے چاہیے۔ یہ نظام اس لیے موجود ہے کیونکہ بیگیج ٹیگز میں مخصوص بارکوڈز اور راستے کی معلومات ہوتی ہیں جو ایئرلائن کے بیگیج ہینڈلنگ سسٹم میں درست طریقے سے داخل ہونی چاہیے۔ ایئرلائن کا عملہ صحیح منزل کے کوڈز، پرواز نمبروں اور ہینڈلنگ ہدایات کے ساتھ ٹیگ پرنٹ کرنے کے لیے تربیت یافتہ ہے۔","ٹیگ سروس"
"56","کیا میں اپنا قرآن پاک اور تسبیح ہینڈ لگیج میں لے جا سکتا ہوں؟","ur","baggage","departure","{""item"":""religious items""}","جی ہاں، قرآن پاک، تسبیح، نماز کی چٹائی، اسلامی کتب، اور دیگر مذہبی اشیاء تمام پاکستانی ایئرپورٹس پر کیبن بیگیج اور چیک شدہ سامان دونوں میں مکمل طور پر اجازت شدہ ہیں۔ یہ اشیاء ذاتی مذہبی مواد کے طور پر شمار ہوتی ہیں اور ایئرپورٹ سیکیورٹی ضوابط کے تحت احترام فراہم کیا جاتا ہے۔ آپ اپنا قرآن کسی بھی فارمیٹ میں لے جا سکتے ہیں۔ لکڑی، پتھر یا پلاسٹک کی تسبیح بغیر پابندی کے جائز ہیں۔ بہت سے مسلم مسافر زمزم کی چھوٹی بوتلیں، عطر، یا مسواک بھی لے جاتے ہیں۔","مذہبی اشیاء"
"57","مجھے اپنے شیرخوار بچے کے لیے بچے کا دودھ پاؤڈر لے جانا ہے، کیا یہ جائز ہے؟","ur","baggage","departure","{""item"":""baby milk powder""}","جی ہاں، بچے کا فارمولا دودھ پاؤڈر، شیرخوار خوراک، اور متعلقہ فیڈنگ سپلائیز کیبن بیگیج میں مکمل طور پر جائز ہیں۔ پاکستانی ایئرپورٹ سیکیورٹی بچوں کے ساتھ سفر کرنے والے والدین کے لیے خصوصی رہائش فراہم کرتی ہے۔ آپ اپنے پورے سفر کے لیے کافی فارمولا لے جا سکتے ہیں، بشمول ممکنہ تاخیر کے لیے اضافی حصے۔ شیرخوار کے ساتھ سفر کرتے وقت بچے کا فارمولا پاؤڈر کی مقدار کی حدود سے مستثنیٰ ہے۔ فارمولا کو اس کے اصل برانڈڈ کنٹینر میں رکھنا مددگار ہے۔","بچے کی فیڈنگ اشیاء"
"58","میرے سوٹ کیس کا پہیہ ٹوٹا ہوا ہے، کیا ایئرلائن اسے قبول کرے گی؟","ur","baggage","departure","{""issue"":""damaged luggage""}","جی ہاں، ایئرلائنز ٹوٹے ہوئے پہیوں والے سامان کو چیک ان کے لیے قبول کریں گی۔ تاہم، یہ سختی سے سفارش کی جاتی ہے کہ آپ اپنے خراب سامان کو پیشہ ورانہ ریپنگ سروس پر لپیٹ لیں، جس کی قیمت تقریباً 200-300 روپے فی بیگ ہے۔ ریپنگ مزید نقصان کو روکتی ہے، ٹوٹے ہوئے حصوں کو کنویئر بیلٹ پر پھنسنے سے بچاتی ہے، اور بیگ کے مواد کو نمائش سے بچاتی ہے۔ اگر آپ کا پہیہ مکمل طور پر الگ ہو گیا ہے تو چیک ان عملے کو مطلع کریں تاکہ وہ آپ کے بیگ پر نازک ٹیگ لگا سکیں۔","خراب بیگ قبولیت"
"59","کیا میں اپنا روایتی حقہ چیک شدہ سامان میں لا سکتا ہوں؟","ur","baggage","departure","{""item"":""hookah""}","جی ہاں، روایتی حقے چیک شدہ سامان میں جائز ہیں۔ تاہم، حقہ بالکل صاف ہونا چاہیے جس میں تمباکو کا کوئی اوشیش نہ ہو۔ پیکنگ سے پہلے تمام چیمبرز، نلیاں، اور پیالے کو اچھی طرح صاف کریں۔ اپنے حقے کو احتیاط سے کافی کشننگ کے ساتھ پیک کریں تاکہ شیشے کی بنیاد ٹوٹنے سے بچے۔ ببل ریپ، فوم، یا موٹے کپڑے پیڈنگ کے لیے اچھی طرح کام کرتے ہیں۔ اگر حقے میں کئی حصے ہیں تو انہیں الگ الگ پیک کرنے پر غور کریں۔","روایتی اشیاء"
"60","کیا چھوٹے بچوں والے خاندانوں کے لیے خصوصی کاؤنٹر ہے؟","ur","baggage","departure","{""passenger"":""family""}","جی ہاں، اسلام آباد انٹرنیشنل ایئرپورٹ میں چھوٹے بچوں کے ساتھ سفر کرنے والے مسافروں کے لیے خصوصی فیملی چیک ان لینیں ہیں، جو کاؤنٹرز 15-18 پر واقع ہیں۔ یہ ترجیحی لینیں واضح طور پر نشان زد ہیں اور والدین کے لیے چیک ان کو تیز اور کم دباؤ والا بنانے کے لیے ڈیزائن کی گئی ہیں۔ فیملی لینوں میں عام طور پر چھوٹی قطاریں ہوتی ہیں اور عملے کو فیملی کی مخصوص ضروریات میں مدد کے لیے تربیت دی گئی ہے۔ ایئرپورٹ میں بچے کے ڈائپر تبدیل کرنے کے کمرے، نرسنگ روم، اور بچوں کے کھیل کے علاقے بھی ہیں۔","خاندانی خدمات"
"71","میں اپنی کرکٹ کٹ لے جا رہا ہوں، کیا مجھے کسی خاص دستاویز کی ضرورت ہے؟","ur","baggage","departure","{""item"":""sports equipment""}","نہیں، اسلام آباد انٹرنیشنل ایئرپورٹ پر کرکٹ کے سامان کو چیک شدہ بیگیج کے طور پر لے جانے کے لیے کسی خاص دستاویز یا اجازت کی ضرورت نہیں ہے۔ کرکٹ کے بیٹ، پیڈز، ہیلمٹ، دستانے، سٹمپس، اور دیگر کرکٹ گیئر عام طور پر مسافروں کی طرف سے منتقل کیے جاتے ہیں۔ آپ کی کرکٹ کٹ آپ کے باقاعدہ چیک شدہ بیگیج وزن الاؤنس میں شمار ہوگی۔ کرکٹ بیٹ چیک شدہ سامان میں ہونے چاہیے اور کیبن بیگیج میں نہیں لے جائے جا سکتے۔ قیمتی سائن شدہ بیٹوں کے لیے اضافی انشورنس کوریج حاصل کرنے پر غور کریں۔","کھیلوں کی دستاویزات"
"72","کیا میں اپنی والدہ کی سلائی مشین چیک ان کر سکتا ہوں؟","ur","baggage","departure","{""item"":""sewing machine""}","جی ہاں، آپ سلائی مشین کو بیگیج کے طور پر چیک ان کر سکتے ہیں۔ گھریلو اشیاء اور آلات چیک شدہ سامان میں عام طور پر جائز ہیں بشرطیکہ وہ مناسب طریقے سے پیک ہوں۔ پیکنگ سے پہلے، الیکٹرک ماڈل کی پاور کورڈ کو ہٹا دیں اور الگ سے پیک کریں۔ سوئی کو ہٹا دیں یا محفوظ کریں۔ مشین کو اس کے اصل باکس میں پیک کریں، یا مضبوط کارڈ بورڈ باکس یا ہارڈ شیل سوٹ کیس استعمال کریں۔ مشین آپ کے چیک شدہ بیگیج وزن الاؤنس میں شمار ہوگی۔","گھریلو آلات"
"73","میری پرواز 40 منٹ میں بورڈ ہو رہی ہے، کیا میں ابھی سامان چیک کر سکتا ہوں؟","ur","baggage","departure","{""issue"":""late check-in""}","آپ بیگیج چیک ان کی آخری حد کے بہت قریب ہیں۔ ملکی پروازوں کے لیے بیگیج چیک ان عام طور پر روانگی سے 45 منٹ پہلے بند ہو جاتا ہے، جبکہ بین الاقوامی پروازوں کے لیے 60 منٹ پہلے۔ صرف 40 منٹ بورڈنگ تک، آپ بین الاقوامی پروازوں کے لیے آخری وقت سے گزر چکے ہیں اور ملکی پروازوں کے لیے حد پر ہیں۔ فوری طور پر چیک ان کاؤنٹر پر پہنچیں اور اپنی صورتحال بیان کریں۔ کچھ ایئرلائنز استثنیٰ بنا سکتی ہیں لیکن وہ پابند نہیں ہیں۔","فوری وقت"
"74","میں اپنے گاؤں شہد لے جانا چاہتا ہوں، کیا پابندیاں ہیں؟","ur","baggage","departure","{""item"":""honey""}","شہد کو ہوا بازی سیکیورٹی کے مقاصد کے لیے مائع مادہ کے طور پر درجہ بند کیا جاتا ہے۔ چیک شدہ سامان کے لیے، آپ بغیر پابندی کے کسی بھی مقدار میں شہد پیک کر سکتے ہیں۔ یقینی بنائیں کہ برتن مضبوطی سے سیل شدہ اور لیک پروف ہیں، اور انہیں پلاسٹک بیگ میں لپیٹیں۔ کیبن بیگیج کے لیے، شہد 100 ملی لیٹر مائع اصول کی پیروی کرتا ہے۔ زیادہ تر مسافر چیک شدہ بیگیج میں شہد پیک کرنا پسند کرتے ہیں۔","مائع شہد قوانین"
"75","کیا میری دوربین اوور ہیڈ بن میں جا سکتی ہے؟","ur","baggage","departure","{""item"":""telescope""}","آپ کی دوربین کا اوور ہیڈ بن میں جانا بنیادی طور پر اس کے سائز پر منحصر ہے۔ چھوٹی پورٹیبل دوربینیں اکثر کیبن بیگیج کی ضروریات پوری کرتی ہیں اور کیبن میں لے جائی جا سکتی ہیں۔ بڑی دوربینیں کیبن سائز کی حدود سے تجاوز کریں گی اور انہیں کارگو کے طور پر چیک کرنا ضروری ہوگا۔ اگر آپ کی دوربین قیمتی ہے تو اسے بورڈ پر لے جائیں۔ اچھی طرح پیڈڈ کیرینگ کیس استعمال کریں۔","آپٹیکل گیئر"
"76","میرا بیگ بالکل 23 کلو ہے، کیا وہ اسے قبول کریں گے؟","ur","baggage","departure","{}","جی ہاں، اگر آپ کا بیگ بالکل 23 کلوگرام ہے تو یہ بغیر کسی اضافی بیگیج چارجز کے قبول کیا جائے گا۔ 23 کلوگرام زیادہ تر ایئرلائنز پر اکانومی کلاس کے لیے معیاری چیک شدہ بیگیج وزن کی حد ہے۔ تاہم، یاد رکھیں کہ حد سے صرف 0.5 کلوگرام یا 1 کلوگرام زیادہ ہونا بھی اضافی بیگیج فیس کا سبب بن سکتا ہے۔ اگر آپ حد کے قریب ہیں تو اپنے بھاری اشیاء پہن لیں یا کچھ چیزیں کیبن بیگیج میں منتقل کریں۔","بالکل وزن"
"77","کیا میں اپنے رشتہ داروں کے لیے کراچی کا مشہور سوہن حلوہ لا سکتا ہوں؟","ur","baggage","departure","{""item"":""sweets""}","جی ہاں، آپ کراچی کا مشہور سوہن حلوہ، ملتانی سوہن حلوہ، یا کوئی بھی مقامی مٹھائی اپنے چیک شدہ بیگیج اور کیبن بیگیج دونوں میں لا سکتے ہیں۔ روایتی مٹھائیاں پاکستانی مسافروں کی طرف سے سب سے زیادہ منتقل کی جانے والی اشیاء میں سے ہیں۔ سوہن حلوہ اور اسی طرح کی خشک مٹھائیاں مائعات کے طور پر شمار نہیں ہوتیں۔ چیک شدہ بیگیج کے لیے، مٹھائیوں کو ان کے اصل باکسز یا محفوظ کنٹینرز میں پیک کریں۔","مقامی مٹھائیاں"
"78","میری پی آئی اے پرواز کل منسوخ ہو گئی تھی، کیا میں پرانے بیگیج ٹیگ استعمال کر سکتا ہوں؟","ur","baggage","departure","{""issue"":""canceled flight""}","نہیں، آپ منسوخ شدہ پرواز کے بیگیج ٹیگ استعمال نہیں کر سکتے۔ جب پرواز منسوخ یا دوبارہ شیڈول کی جاتی ہے تو تمام بیگیج ٹیگ غیر معتبر ہو جاتے ہیں۔ ہر بیگیج ٹیگ میں ایک خاص پرواز نمبر، تاریخ، منزل، اور روانگی کے وقت سے جڑی مخصوص بارکوڈڈ معلومات ہوتی ہیں۔ جب آپ اپنی دوبارہ شیڈول شدہ پرواز کے لیے ایئرپورٹ پہنچیں تو اپنے سامان، نئی بکنگ کی تصدیق، اور شناخت کے ساتھ پی آئی اے چیک ان کاؤنٹر پر جائیں۔ چیک ان عملہ تازہ بیگیج ٹیگ جاری کرے گا۔","دوبارہ ٹیگنگ ضروری"
"79","میں اپنی اشیاء کی حفاظت کے لیے ببل ریپ کہاں سے خرید سکتا ہوں؟","ur","baggage","departure","{""service"":""packing materials""}","بدقسمتی سے، اسلام آباد انٹرنیشنل ایئرپورٹ ٹرمینل ایریا میں ببل ریپ، فوم، یا پیڈنگ سپلائیز نہیں بیچتا۔ تاہم، آپ کے پاس کئی متبادل ہیں۔ سب سے آسان آپشن ڈیپارچر ہال میں چیک ان کاؤنٹرز کے قریب واقع پیشہ ورانہ بیگیج ریپنگ سروس ہے، جو آپ کے پورے سوٹ کیس کو صنعتی طاقت کے پلاسٹک ریپ میں لپیٹنے کے لیے 200-300 روپے وصول کرتی ہے۔ اندرونی کشننگ کے لیے، اگر آپ کے پاس ایئرپورٹ پہنچنے سے پہلے وقت ہے تو راولپنڈی یا اسلام آباد شہر میں سٹیشنری کی دکانوں سے ببل ریپ خریدیں۔","پیکنگ سپلائیز"
"80","کیا میں اپنا الیکٹرک شیور کیبن بیگ میں رکھ سکتا ہوں؟","ur","baggage","departure","{""item"":""electric shaver""}","جی ہاں، الیکٹرک شیور، بیئرڈ ٹرمر، اور دیگر بیٹری سے چلنے والے گرومنگ ڈیوائسز کیبن بیگیج میں بغیر کسی پابندی کے مکمل طور پر جائز ہیں۔ یہ ذاتی نگہداشت کے الیکٹرانک آئٹمز خطرناک یا ممنوعہ سامان کے طور پر درجہ بند نہیں ہیں۔ اپنے شیور کو اپنے کیبن بیگ میں آسانی سے قابل رسائی رکھیں۔ اگر آپ کے شیور میں لیتھیم بیٹری ہے تو اسے درحقیقت کیبن بیگیج میں رہنا چاہیے نہ کہ چیک شدہ سامان میں۔","گرومنگ ٹولز"
"81","میں پی آئی اے کے لیے کام کرتا ہوں، میرا عملے کا بیگیج الاؤنس کیا ہے؟","ur","baggage","departure","{""passenger"":""airline staff""}","پی آئی اے ملازم کے طور پر عملے کی ٹکٹوں یا آئی ڈی ٹریول پر سفر کرتے وقت، آپ کا بیگیج الاؤنس باقاعدہ مسافر الاؤنس سے مختلف ہے۔ عام طور پر، پی آئی اے عملے کے پاس زیادہ سخی الاؤنس ہوتے ہیں، لیکن عین وزن اور ٹکڑوں کی حدیں مختلف ہوتی ہیں۔ اپنی صورتحال کے لیے درست معلومات کے لیے، آپ کو پی آئی اے ملازم خدمات کے محکمے سے چیک کرنا چاہیے۔ اپنے عملے کے سفر کے لیے چیک ان کرتے وقت، اپنا پی آئی اے ملازم آئی ڈی کارڈ اپنی عملے کی ٹکٹ کے ساتھ چیک ان کاؤنٹر پر پیش کریں۔","عملے کے فوائد"
"82","میں اپنی بہن کی شادی کے لیے سونے کے زیورات لے جا رہا ہوں، کیا پابندیاں ہیں؟","ur","baggage","departure","{""item"":""jewelry""}","آپ ذاتی یا خاندانی استعمال کے لیے سونے کے زیورات اور دیگر قیمتی زیورات جیسے شادی کے تحائف منتقل کر سکتے ہیں، لیکن اہم سیکیورٹی اور کسٹمز تحفظات ہیں۔ زیادہ سے زیادہ سیکیورٹی کے لیے، ہمیشہ مہنگے زیورات کو اپنے کیبن بیگیج میں لے جائیں نہ کہ چیک شدہ سامان میں۔ پاکستان کے اندر ملکی سفر کے لیے سونے کے زیورات کی مقدار پر کوئی پابندی نہیں ہے، لیکن بڑی مقداروں یا اعلیٰ قیمتوں کو خریداری کی رسیدوں یا خاندانی ملکیت کے ریکارڈ کے ساتھ دستاویز کیا جانا چاہیے۔","قیمتی زیورات"
"83","میرے بیگ سے بریانی کی بو آ رہی ہے، کیا یہ مسئلہ ہے؟","ur","baggage","departure","{""issue"":""odor""}","آپ کے چیک شدہ بیگیج میں سیل شدہ کھانے کی اشیاء جیسے بریانی سے ہلکی خوراک کی بو عام طور پر قابل قبول ہے۔ تاہم، عملی تحفظات ہیں۔ تیز، تند بو جو بیگیج ہولڈ میں پھیل سکتی ہے اور دوسرے مسافروں کے سامان کو متاثر کر سکتی ہے، شائستگی سے بچنی چاہیے۔ اصل تشویش بو نہیں بلکہ یہ ہے کہ آیا کھانا مناسب طریقے سے سیل شدہ ہے اور ٹرانزٹ کے دوران لیک یا پھیلے گا نہیں۔ سخت، سیل شدہ پلاسٹک کنٹینرز استعمال کریں، اور انہیں احتیاط کے طور پر پلاسٹک بیگ میں ڈبل ریپ کریں۔","کھانے کی بو"
"84","کیا میں اپنا طبلہ کیبن میں لے جا سکتا ہوں بجائے اسے چیک کرنے کے؟","ur","baggage","departure","{""item"":""tabla""}","جی ہاں، اگر آپ کا طبلہ معیاری کیبن بیگیج سائز کے طول و عرض میں فٹ ہوتا ہے اور 7 کلوگرام وزن کی حد سے تجاوز نہیں کرتا تو آپ اسے کیبن بیگیج کے طور پر لے جا سکتے ہیں۔ طبلہ، نسبتاً کمپیکٹ موسیقی کے آلے ہونے کے ناطے، اکثر ان ضروریات کو پورا کرتے ہیں خاص طور پر اگر مناسب فٹ شدہ نرم کیس میں لے جائے جائیں۔ موسیقی کے آلے قیمتی ہیں اور چیک شدہ بیگیج میں کھردرے ہینڈلنگ سے خراب ہو سکتے ہیں، اس لیے انہیں کیبن میں لے جانا درحقیقت بہت سے موسیقاروں کے لیے ترجیحی آپشن ہے۔","روایتی ساز"
"85","میں نے ڈیوٹی فری پر عطر خریدا ہے، کیا یہ ہینڈ لگیج میں شمار ہوتا ہے؟","ur","baggage","departure","{""item"":""duty-free""}","نہیں، سیکیورٹی سے گزرنے کے بعد ایئرپورٹ ڈیوٹی فری کی دکانوں سے خریدی گئی اشیاء بشمول عطر، شراب، کاسمیٹکس، اور دیگر مصنوعات آپ کے باقاعدہ کیبن بیگیج الاؤنس میں شمار نہیں ہوتیں۔ یہ ڈیوٹی فری خریداریاں خاص سیل شدہ چھیڑ چھاڑ سے واضح بیگ میں آتی ہیں، اور آپ انہیں اپنے معیاری کیبن بیگیج اور ذاتی چیز کے ساتھ اضافی طور پر لے جا سکتے ہیں۔ یہ استثنیٰ اس لیے موجود ہے کیونکہ آپ نے یہ اشیاء ایئرپورٹ کے جراثیم سے پاک علاقے میں سیکیورٹی اسکریننگ کے بعد خریدیں، تو وہ پہلے ہی سیکیورٹی پروٹوکول سے گزر چکی ہیں۔","ڈیوٹی فری الگ"
"86","میری پرواز صبح 5 بجے ہے، کیا میں ایک رات پہلے سامان چیک کر سکتا ہوں؟","ur","baggage","departure","{""service"":""early check-in""}","نہیں، اسلام آباد انٹرنیشنل ایئرپورٹ رات سے پہلے یا راتوں رات بیگیج چیک ان سروسز پیش نہیں کرتا۔ تمام سامان کو آپ کی پرواز کی روانگی کے اسی دن چیک ان کرنا ضروری ہے، چاہے پرواز کتنی ہی جلدی شیڈول کیوں نہ ہو۔ آپ کی 5 صبح کی پرواز کے لیے، چیک ان کاؤنٹرز عام طور پر بین الاقوامی پروازوں کے لیے روانگی سے 3 گھنٹے پہلے اور ملکی پروازوں کے لیے 2 گھنٹے پہلے کھلتے ہیں، یعنی آپ کی بین الاقوامی پرواز کے لیے تقریباً 2 صبح یا ملکی کے لیے 3 صبح۔ جی ہاں، اس کے لیے صبح سویرے ایئرپورٹ پہنچنا ضروری ہے، لیکن یہ دنیا بھر میں صبح سویرے کی پروازوں کے لیے معیاری طریقہ کار ہے۔","رات کو چیک ان نہیں"
"87","میرے 5 سالہ بچے کا ایک چھوٹا اسکول بیگ ہے، کیا یہ الگ سے شمار ہوتا ہے؟","ur","baggage","departure","{""passenger"":""child""}","2 سال یا اس سے زیادہ عمر کے بچے جو خریدی گئی ٹکٹ پر سفر کر رہے ہیں ان کے پاس ان کی ٹکٹ کلاس کے مطابق اپنا الگ بیگیج الاؤنس ہوتا ہے، بالکل بڑوں کی طرح۔ تو آپ کے 5 سالہ بچے کا اپنا الگ چیک شدہ بیگیج الاؤنس ہے اور کیبن بیگیج الاؤنس ہے۔ ان کا چھوٹا اسکول بیگ ان کی ذاتی چیز یا کیبن بیگیج کے طور پر ان کے الاؤنس میں شمار ہوگا۔ عملی طور پر، اسلام آباد انٹرنیشنل ایئرپورٹ پر ایئرلائنز چھوٹے بچوں کی ذاتی اشیاء کے بارے میں عام طور پر لچکدار ہیں۔","بچوں کے بیگ"
"88","میں ذیابیطس کا مریض ہوں، کیا میں انسولین کے انجیکشن ہینڈ لگیج میں لے جا سکتا ہوں؟","ur","baggage","departure","{""item"":""insulin""}","جی ہاں، ذیابیطس کے مریض مسافر انسولین، سرنجیں، انسولین پین، بلڈ گلوکوز مانیٹر، ٹیسٹ سٹرپس، لینسٹس، اور تمام دیگر ذیابیطس کی سپلائیز مقدار کی پابندیوں کے بغیر کیبن بیگیج میں لے جا سکتے ہیں۔ یہ ضروری طبی سپلائیز کے طور پر درجہ بند ہیں، اور ایئرپورٹس ان ادویات کی ضرورت رکھنے والے مسافروں کے لیے رہائش فراہم کرتے ہیں۔ انسولین درحقیقت کیبن بیگیج میں ہونی چاہیے نہ کہ چیک شدہ سامان میں کیونکہ کارگو ہولڈ کے درجہ حرارت کے اتار چڑھاؤ ممکنہ طور پر انسولین کی تاثیر کو نقصان پہنچا سکتے ہیں۔ اپنی ذیابیطس کی سپلائیز کو واضح کیس یا بیگ میں رکھیں۔","ذیابیطس کی سپلائیز"
"89","میں اپنے سامان میں قیمتی اشیاء کے لیے کتنی قیمت ڈیکلیئر کر سکتا ہوں؟","ur","baggage","departure","{}","بین الاقوامی ہوا بازی قوانین کے تحت ایئرلائنز کی چیک شدہ بیگیج کے لیے معیاری ذمہ داری کی حد تقریباً 1,131 اسپیشل ڈرائنگ رائٹس ہے، جو تقریباً 1,500-1,700 امریکی ڈالر، یا موجودہ شرح مبادلہ پر تقریباً 400,000-450,000 پاکستانی روپے کے برابر ہے۔ یہ زیادہ سے زیادہ معاوضہ ہے جو آپ حاصل کر سکتے ہیں اگر آپ کا چیک شدہ بیگیج گم، خراب، یا تاخیر کا شکار ہو، چاہے مواد کی اصل قیمت کچھ بھی ہو۔ اہم بات یہ ہے کہ یہ حد فی مسافر لاگو ہوتی ہے، نہ کہ فی بیگ، اور یہ زیادہ سے زیادہ ہے - معاوضہ اس حد تک حقیقی دستاویزی نقصانات پر مبنی ہوتا ہے۔","ذمہ داری کی حدیں"
"90","کیا میں چیک شدہ سامان میں دستاویزات کی فوٹو کاپیاں پیک کر سکتا ہوں؟","ur","baggage","departure","{""item"":""documents""}","جی ہاں، آپ چیک شدہ سامان میں دستاویزات کی فوٹو کاپیاں پیک کر سکتے ہیں، اور درحقیقت نقصان یا چوری کی صورت میں اہم دستاویزات کی بیک اپ کاپیاں اصل سے الگ رکھنا اچھا عمل ہے۔ تاہم، کبھی بھی چیک شدہ بیگیج میں اصل اہم دستاویزات پیک نہ کریں - ہمیشہ اپنے پاسپورٹ، قومی شناختی کارڈ، پرواز کی ٹکٹیں، بورڈنگ پاس، ٹریول انشورنس دستاویزات، ہوٹل بکنگز، طبی نسخے، کریڈٹ کارڈز، اور کسی بھی دوسرے اہم کاغذات کی اصل اپنے کیبن بیگیج میں رکھیں جہاں آپ کا براہ راست کنٹرول اور رسائی ہو۔ چیک شدہ بیگ کبھی کبھار گم، تاخیر، یا چوری ہو جاتے ہیں۔","دستاویز کی جگہ"
"91","میرے ہائیکنگ بیک پیک میں دھاتی فریم ہے، کیا سیکیورٹی مجھے روکے گی؟","ur","baggage","departure","{""item"":""backpack""}","دھاتی فریم والا آپ کا ہائیکنگ بیک پیک اسلام آباد انٹرنیشنل ایئرپورٹ پر بغیر کسی مسئلے کے سیکیورٹی اسکریننگ سے گزر جائے گا، کیونکہ بیک پیک میں دھاتی فریم عام ہیں اور ممنوعہ اشیاء نہیں ہیں۔ ایکسرے مشینیں اور میٹل ڈٹیکٹر کافی نفیس ہیں کہ فریم جیسے ساختی دھاتی اجزاء اور ہتھیاروں جیسی ممنوعہ اشیاء کے درمیان فرق کر سکیں۔ تاہم، آپ کو اسکریننگ کے عمل میں قدرے زیادہ وقت لگنے کی توقع رکھنی چاہیے کیونکہ دھاتی فریم ایکسرے اسکرین پر نمایاں طور پر ظاہر ہوگا، اور سیکیورٹی افسران یہ یقینی بنانا چاہیں گے کہ یہ صرف بیک پیک فریم ہے۔","دھاتی فریم اسکریننگ"
"92","کیا میں ملتان سے مٹی کے برتن چیک شدہ سامان میں لا سکتا ہوں؟","ur","baggage","departure","{""item"":""pottery""}","جی ہاں، آپ مٹی کے برتن، سیرامک اشیاء، اور روایتی ملتانی نیلے برتن چیک شدہ سامان میں منتقل کر سکتے ہیں، لیکن پیکنگ میں انتہائی احتیاط برتنی چاہیے کیونکہ یہ اشیاء بہت نازک ہیں اور بیگیج ہینڈلنگ کے دوران آسانی سے ٹوٹ جاتی ہیں۔ ملتانی برتن، ٹائل ورک، اور سیرامک کے ٹکڑوں جیسی پاکستانی دستکاری عام طور پر مسافروں کی طرف سے تحائف یا ذاتی اشیاء کے طور پر منتقل کی جاتی ہیں۔ ہر برتن کے ٹکڑے کو انفرادی طور پر ببل ریپ، فوم، یا موٹے کاغذ کی کئی تہوں میں لپیٹنا چاہیے۔ لپٹے ہوئے اشیاء کو اپنے سوٹ کیس کے بیچ میں نرم اشیاء جیسے کپڑوں سے گھیرے ہوئے رکھیں۔","نازک برتن"
"93","بارش ہوئی اور میرا بیگ راستے میں گیلا ہو گیا، کیا وہ اسے قبول کریں گے؟","ur","baggage","departure","{""issue"":""wet baggage""}","جی ہاں، بارش سے قدرے گیلا سامان اسلام آباد انٹرنیشنل ایئرپورٹ پر چیک ان کے لیے قابل قبول ہے، کیونکہ ایئرپورٹ عملہ سمجھتا ہے کہ موسمی حالات بعض اوقات ایئرپورٹ تک نقل و حمل کے دوران سامان کو نم ہونے کا سبب بنتے ہیں۔ تاہم، چیک ان سے پہلے نمی کو دور کرنا آپ کے مفاد میں ہے۔ اگر بیرونی حصہ صرف نم ہے تو اسے تولیے یا کپڑے سے صاف کر دیں۔ اگر یہ بہت گیلا ہے تو چیک ان کاؤنٹرز کے قریب بیگیج ریپنگ سروس استعمال کرنے پر غور کریں۔ سب سے اہم تشویش آپ کے بیگ کے اندر کے مواد کی حفاظت ہے - فوری طور پر چیک کریں کہ پانی اندر داخل نہیں ہوا، خاص طور پر زپ اور سیم کے آس پاس۔","بارش سے گیلا بیگ"
"94","میں لاہور کرکٹ بیٹ اور سٹمپس لے جانا چاہتا ہوں، کیا یہ جائز ہے؟","ur","baggage","departure","{""item"":""cricket equipment""}","جی ہاں، کرکٹ کے بیٹ، سٹمپس، پیڈز، ہیلمٹ، دستانے، اور حفاظتی گیئر سمیت کرکٹ کا سامان اسلام آباد سے لاہور یا کسی بھی دوسرے ملکی راستے پر چیک شدہ بیگیج میں منتقل کیا جا سکتا ہے، اور پاکستان کے کرکٹ کے جنون کو دیکھتے ہوئے یہ بہت عام ہے۔ آپ کا کرکٹ کا سامان آپ کے باقاعدہ چیک شدہ بیگیج وزن الاؤنس میں شمار ہوگا، تو اگر آپ کے پاس بیٹ، پیڈز، ہیلمٹ، دستانے، اور سٹمپس کے ساتھ مکمل کرکٹ کٹ بیگ ہے تو یہ کافی بھاری ہو سکتا ہے۔ کرکٹ کے بیٹ ممکنہ ہتھیار سمجھے جاتے ہیں اور کسی بھی حالت میں کیبن بیگیج میں نہیں لے جائے جا سکتے - انہیں چیک ان کرنا ضروری ہے۔","کرکٹ گیئر"
"95","کیا میں 3 دن میں واپس آؤں گا تو اپنے بیگ یہاں چھوڑ سکتا ہوں؟","ur","baggage","departure","{""service"":""long-term storage""}","نہیں، اسلام آباد انٹرنیشنل ایئرپورٹ ان مسافروں کے لیے کئی دن یا طویل مدتی بیگیج اسٹوریج سہولیات پیش نہیں کرتا جو آگے سفر کر رہے ہیں اور بعد میں واپس آرہے ہیں۔ ایئرپورٹ پر دستیاب لیفٹ لگیج سروس صرف پرواز کی تاخیر، لے اوور، یا مختصر دوروں کے دوران اسی دن یا راتوں رات اسٹوریج کے لیے ڈیزائن کی گئی ہے، نہ کہ الگ سفروں کے درمیان کئی دنوں تک اسٹوریج کے لیے۔ 3 دن یا اس سے زیادہ کے لیے سامان اسٹور کرنے کے لیے، آپ کو راولپنڈی یا اسلام آباد شہر میں تجارتی اسٹوریج سہولیات استعمال کرنی ہوں گی۔ کچھ آپشنز میں سیلف اسٹوریج کمپنیاں شامل ہیں جو محفوظ لاکر سروسز پیش کرتی ہیں۔","طویل مدتی اسٹوریج نہیں"
"96","میں اپنے ہاسٹل کے لیے الیکٹرک آئرن لے جا رہا ہوں، کیا میں اسے چیک کر سکتا ہوں؟","ur","baggage","departure","{""item"":""electric iron""}","جی ہاں، الیکٹرک آئرن اور دیگر گھریلو برقی آلات اسلام آباد انٹرنیشنل ایئرپورٹ پر چیک شدہ بیگیج میں مکمل طور پر جائز ہیں۔ طالب علم اور پیشہ ور افراد اکثر چھوٹے آلات جیسے آئرن، کیتلی، امرشن ہیٹر، اور پنکھے ہاسٹلز، یونیورسٹیوں، یا نئی رہائش میں منتقل ہوتے وقت منتقل کرتے ہیں۔ اپنے الیکٹرک آئرن کو چیک شدہ سامان میں پیک کرنے سے پہلے، یقینی بنائیں کہ اگر حال ہی میں استعمال ہوا تھا تو یہ مکمل طور پر ٹھنڈا ہو گیا ہے۔ بھاپ والے آئرن کے ذخیروں سے کوئی بھی پانی خالی کر دیں، کیونکہ پانی بیگیج ہینڈلنگ کے دوران لیک ہو سکتا ہے۔","الیکٹرک آئرن"
"97","میرے کمپنی کے بیگ پر ہر جگہ لوگو اسٹیکرز ہیں، کیا یہ قابل قبول ہے؟","ur","baggage","departure","{}","جی ہاں، کمپنی کے لوگو، برانڈ اسٹیکرز، اور آرائشی لیبلز والا سامان مکمل طور پر قابل قبول ہے اور درحقیقت اسلام آباد انٹرنیشنل ایئرپورٹ پر کافی عام ہے۔ بہت سے مسافر اپنے بیگ کو ذاتی بنانے کے لیے اسٹیکرز استعمال کرتے ہیں، جو انہیں بیگیج کیروسل پر آسانی سے قابل شناخت بناتا ہے اور کسی دوسرے مسافر کی طرف سے غلطی سے آپ کا بیگ لے جانے کا امکان کم کرتا ہے کیونکہ بہت سے سوٹ کیس ایک جیسے لگتے ہیں۔ کارپوریشنز سے کمپنی برانڈڈ بیگ، واقعات سے پروموشنل بیگ، یا سفری اسٹیکرز سے ڈھکے ہوئے سامان سب ایئرپورٹس پر معیاری نظارے ہیں۔ واحد پابندی یہ ہوگی اگر اسٹیکرز یا لوگو میں جارحانہ مواد، نفرت کی علامات، یا نامناسب تصاویر ہوں۔","لوگو اسٹیکرز ٹھیک ہیں"
"98","کیا میں اپنے چیک شدہ بیگ میں چڑھائی کی رسی اور کیربینر پیک کر سکتا ہوں؟","ur","baggage","departure","{""item"":""climbing equipment""}","جی ہاں، پہاڑی چڑھائی اور چٹان چڑھائی کا سامان بشمول رسیاں، کیربینر، ہارنس، بیلے ڈیوائسز، اسینڈرز، ڈیسینڈرز، اور چڑھائی کے جوتے پاکستانی ایئرپورٹس پر چیک شدہ بیگیج میں جائز ہیں۔ پاکستان میں ایک مضبوط کوہ پیمائی کمیونٹی ہے جس میں بہت سے کوہ پیما شمالی علاقوں جیسے گلگت بلتستان، ہنزہ، اور کے ٹو بیس کیمپ کی طرف جاتے ہیں، تو چڑھائی کا گیئر عام طور پر منتقل کیا جاتا ہے۔ آپ کا سامان آپ کے باقاعدہ چیک شدہ بیگیج وزن الاؤنس میں شمار ہوگا، اور چڑھائی کا گیئر خاص طور پر رسیوں کے ساتھ کافی بھاری ہو سکتا ہے۔ کیربینر جیسے دھاتی سامان کو احتیاط سے پیک کریں تاکہ وہ بیگ کے اندرونی حصے یا دیگر مواد کو نقصان نہ پہنچائیں۔","چڑھائی کا گیئر"
"99","میں اسلام آباد سے پشاور کو منتقل ہو رہا ہوں، کیا میرا بیگ براہ راست جائے گا؟","ur","baggage","departure","{""flight_type"":""domestic connection""}","ایک ہی ایئرلائن پر پاکستان کے اندر منسلک ملکی پروازوں کے لیے، آپ کا چیک شدہ بیگیج عام طور پر براہ راست آپ کی آخری منزل تک چیک کیا جاتا ہے، یعنی آپ کو اسلام آباد میں اسے جمع کرنے اور دوبارہ چیک کرنے کی ضرورت نہیں ہوگی۔ جب آپ اپنے اصل شہر میں چیک ان کریں تو چیک ان ایجنٹ کو مطلع کریں کہ آپ کی منسلک پرواز ہے اور دونوں پرواز کی تفصیلات فراہم کریں - وہ آپ کے بیگ کو اسلام آباد کے راستے پشاور تک راستے کے لیبلز کے ساتھ ٹیگ کریں گے۔ آپ کو بیگیج کلیم ٹیگ ملیں گے اور عملے کو واضح طور پر تصدیق کرنی چاہیے کہ آپ کا بیگ آپ کی آخری منزل تک چیک کیا گیا ہے۔ تاہم، چیک ان پر اس کی واضح تصدیق کرنا ضروری ہے۔","ملکی منتقلی"
"100","کیا میں اپنے ہینڈ لگیج میں سبز چائے اور جڑی بوٹیوں کی چائے لے جا سکتا ہوں؟","ur","baggage","departure","{""item"":""tea""}","جی ہاں، آپ اسلام آباد انٹرنیشنل ایئرپورٹ پر اپنے ہینڈ لگیج میں بغیر کسی پابندی کے سبز چائے، جڑی بوٹیوں کی چائے، سیاہ چائے، روایتی کشمیری کہوا، اور دیگر چائے کی مصنوعات لے جا سکتے ہیں۔ خشک شکل میں چائے - چاہے ڈھیلی چائے کی پتیاں، چائے کے بیگ، چائے کا پاؤڈر، یا خشک جڑی بوٹیاں ہوں - مائع یا محدود مادے کے طور پر درجہ بند نہیں ہے، تو معیاری بیگیج قوانین لاگو ہوتے ہیں۔ یہ اشیاء سیکیورٹی اسکریننگ سے آسانی سے گزرتی ہیں اور پاکستانی مسافروں کی طرف سے عام طور پر لے جائی جاتی ہیں جو اپنی پسندیدہ چائے کی برانڈز یا روایتی اقسام چاہتے ہیں جو ان کی منزل پر دستیاب نہیں ہو سکتیں۔","چائے کی مصنوعات"
"91","میرے ہائیکنگ بیک پیک میں دھاتی فریم ہے، کیا سیکیورٹی مجھے روکے گی؟","ur","baggage","departure","{""item"":""backpack""}","دھاتی فریم والا آپ کا ہائیکنگ بیک پیک اسلام آباد انٹرنیشنل ایئرپورٹ پر بغیر کسی مسئلے کے سیکیورٹی اسکریننگ سے گزر جائے گا، کیونکہ بیک پیک میں دھاتی فریم عام ہیں اور ممنوعہ اشیاء نہیں ہیں۔ ایکسرے مشینیں اور میٹل ڈٹیکٹر کافی نفیس ہیں کہ فریم جیسے ساختی دھاتی اجزاء اور ہتھیاروں جیسی ممنوعہ اشیاء کے درمیان فرق کر سکیں۔ تاہم، آپ کو اسکریننگ کے عمل میں قدرے زیادہ وقت لگنے کی توقع رکھنی چاہیے کیونکہ دھاتی فریم ایکسرے اسکرین پر نمایاں طور پر ظاہر ہوگا، اور سیکیورٹی افسران یہ یقینی بنانا چاہیں گے کہ یہ صرف بیک پیک فریم ہے۔ اپنے بیک پیک کو اسکریننگ بیلٹ پر رکھتے وقت، اسے مکمل طور پر کھول دیں اور تمام بیرونی اور اندرونی جیبوں کو غیر زپ کریں تاکہ سیکیورٹی افسران کو ایکسرے امیج پر مواد کا واضح نظارہ ملے۔ اگر آپ کے بیک پیک میں متعدد کمپارٹمنٹ اور جیبیں ہیں تو انہیں کھولا چھوڑنے سے معائنہ تیز ہوتا ہے۔ بہت سے ٹریکر اور کوہ پیما اسلام آباد ایئرپورٹ کے ذریعے شمالی علاقوں کی طرف سفر کرتے ہیں، تو سیکیورٹی عملہ آؤٹ ڈور گیئر سے بخوبی واقف ہے۔","دھاتی فریم اسکریننگ"
"92","کیا میں ملتان سے مٹی کے برتن چیک شدہ سامان میں لا سکتا ہوں؟","ur","baggage","departure","{""item"":""pottery""}","جی ہاں، آپ مٹی کے برتن، سیرامک اشیاء، اور روایتی ملتانی نیلے برتن چیک شدہ سامان میں منتقل کر سکتے ہیں، لیکن پیکنگ میں انتہائی احتیاط برتنی چاہیے کیونکہ یہ اشیاء بہت نازک ہیں اور بیگیج ہینڈلنگ کے دوران آسانی سے ٹوٹ جاتی ہیں۔ ملتانی برتن، ٹائل ورک، اور سیرامک کے ٹکڑوں جیسی پاکستانی دستکاری عام طور پر مسافروں کی طرف سے تحائف یا ذاتی اشیاء کے طور پر منتقل کی جاتی ہیں۔ ہر برتن کے ٹکڑے کو انفرادی طور پر ببل ریپ، فوم، یا موٹے کاغذ کی کئی تہوں میں لپیٹنا چاہیے۔ لپٹے ہوئے اشیاء کو اپنے سوٹ کیس کے بیچ میں نرم اشیاء جیسے کپڑوں سے گھیرے ہوئے رکھیں۔ سخت کنارے اور کونے سے دور رکھیں۔ اگر آپ متعدد برتن کے ٹکڑے لے جا رہے ہیں تو ہر ٹکڑے کے درمیان موٹا کشننگ رکھیں تاکہ وہ ایک دوسرے سے نہ ٹکرائیں۔ بڑے یا قیمتی ٹکڑوں کے لیے، پیشہ ورانہ بیگیج ریپنگ سروس استعمال کرنے پر غور کریں جو اضافی تحفظ کی تہہ فراہم کرتی ہے۔ یاد رکھیں کہ باوجود بہترین پیکنگ کے، نازک اشیاء کو ٹرانزٹ میں نقصان ہو سکتا ہے، تو واقعی قیمتی یا بے قیمت ٹکڑوں کو کیبن بیگیج میں لے جانا بہتر ہو سکتا ہے اگر سائز اجازت دیتا ہے۔","نازک برتن"
"93","بارش ہوئی اور میرا بیگ راستے میں گیلا ہو گیا، کیا وہ اسے قبول کریں گے؟","ur","baggage","departure","{""issue"":""wet baggage""}","جی ہاں، بارش سے قدرے گیلا سامان اسلام آباد انٹرنیشنل ایئرپورٹ پر چیک ان کے لیے قابل قبول ہے، کیونکہ ایئرپورٹ عملہ سمجھتا ہے کہ موسمی حالات بعض اوقات ایئرپورٹ تک نقل و حمل کے دوران سامان کو نم ہونے کا سبب بنتے ہیں، خاص طور پر اسلام آباد راولپنڈی علاقے میں جہاں بارش اچانک آ سکتی ہے۔ تاہم، چیک ان سے پہلے نمی کو دور کرنا آپ کے مفاد میں ہے۔ اگر بیرونی حصہ صرف نم ہے تو اسے تولیے یا کپڑے سے صاف کر دیں۔ اگر یہ بہت گیلا ہے تو چیک ان کاؤنٹرز کے قریب بیگیج ریپنگ سروس استعمال کرنے پر غور کریں، جو نمی کو بند کر دے گی اور پرواز کے دوران آپ کے بیگ کے خشک ہونے میں مدد کرے گی۔ سب سے اہم تشویش آپ کے بیگ کے اندر کے مواد کی حفاظت ہے - فوری طور پر چیک کریں کہ پانی اندر داخل نہیں ہوا، خاص طور پر زپ اور سیم کے آس پاس۔ اگر آپ کے پاس الیکٹرانکس، کاغذی دستاویزات، یا نمی سے حساس اشیاء ہیں اور انہیں نمی لگی ہے تو فوری طور پر انہیں نکال دیں اور کیبن بیگیج میں منتقل کر دیں۔ مستقبل کی روک تھام کے لیے، واٹر پروف بیگ کور یا بڑے پلاسٹک بیگ لے جانے پر غور کریں۔","بارش سے گیلا بیگ"
"94","میں لاہور کرکٹ بیٹ اور سٹمپس لے جانا چاہتا ہوں، کیا یہ جائز ہے؟","ur","baggage","departure","{""item"":""cricket equipment""}","جی ہاں، کرکٹ کے بیٹ، سٹمپس، پیڈز، ہیلمٹ، دستانے، اور حفاظتی گیئر سمیت کرکٹ کا سامان اسلام آباد سے لاہور یا کسی بھی دوسرے ملکی راستے پر چیک شدہ بیگیج میں منتقل کیا جا سکتا ہے، اور پاکستان کے کرکٹ کے جنون کو دیکھتے ہوئے یہ بہت عام ہے۔ آپ کا کرکٹ کا سامان آپ کے باقاعدہ چیک شدہ بیگیج وزن الاؤنس میں شمار ہوگا، تو اگر آپ کے پاس بیٹ، پیڈز، ہیلمٹ، دستانے، اور سٹمپس کے ساتھ مکمل کرکٹ کٹ بیگ ہے تو یہ کافی بھاری ہو سکتا ہے - چیک ان سے پہلے اپنے بیگ کا وزن کریں۔ کرکٹ کے بیٹ ممکنہ ہتھیار سمجھے جاتے ہیں اور کسی بھی حالت میں کیبن بیگیج میں نہیں لے جائے جا سکتے - انہیں چیک ان کرنا ضروری ہے۔ سٹمپس، چونکہ وہ لکڑی کے ڈنڈے ہیں، بھی چیک شدہ بیگیج میں ہونے چاہیے۔ پیڈز، دستانے، اور دیگر نرم حفاظتی سامان کو تکنیکی طور پر کیبن بیگیج میں لے جایا جا سکتا ہے لیکن عام طور پر باقی گیئر کے ساتھ چیک کیا جاتا ہے۔ قیمتی سائن شدہ بیٹوں کے لیے، انہیں ببل ریپ میں محفوظ طریقے سے لپیٹنے پر غور کریں اور اگر ممکن ہو تو اضافی بیگیج انشورنس خریدیں۔","کرکٹ گیئر"
"95","کیا میں 3 دن میں واپس آؤں گا تو اپنے بیگ یہاں چھوڑ سکتا ہوں؟","ur","baggage","departure","{""service"":""long-term storage""}","نہیں، اسلام آباد انٹرنیشنل ایئرپورٹ ان مسافروں کے لیے کئی دن یا طویل مدتی بیگیج اسٹوریج سہولیات پیش نہیں کرتا جو آگے سفر کر رہے ہیں اور بعد میں واپس آرہے ہیں۔ ایئرپورٹ پر دستیاب لیفٹ لگیج سروس صرف پرواز کی تاخیر، لے اوور، یا مختصر دوروں کے دوران اسی دن یا راتوں رات اسٹوریج کے لیے ڈیزائن کی گئی ہے، نہ کہ الگ سفروں کے درمیان کئی دنوں تک اسٹوریج کے لیے۔ 3 دن یا اس سے زیادہ کے لیے سامان اسٹور کرنے کے لیے، آپ کو راولپنڈی یا اسلام آباد شہر میں تجارتی اسٹوریج سہولیات استعمال کرنی ہوں گی۔ کچھ آپشنز میں سیلف اسٹوریج کمپنیاں شامل ہیں جو محفوظ لاکر سروسز پیش کرتی ہیں، یا کچھ ہوٹل اپنے مہمانوں کے لیے لگیج اسٹوریج کی اجازت دیتے ہیں۔ متبادل طور پر، اگر آپ کے اسلام آباد یا راولپنڈی میں دوست یا رشتہ دار ہیں تو آپ اپنا سامان عارضی طور پر ان کے پاس چھوڑ سکتے ہیں۔ مستقبل کے سفروں کے لیے، بہتر ہے کہ صرف اپنے ساتھ ضروری سامان لیں اور بڑے بیگ گھر یا قابل اعتماد جگہ پر چھوڑ دیں۔","طویل مدتی اسٹوریج نہیں"
"96","میں اپنے ہاسٹل کے لیے الیکٹرک آئرن لے جا رہا ہوں، کیا میں اسے چیک کر سکتا ہوں؟","ur","baggage","departure","{""item"":""electric iron""}","جی ہاں، الیکٹرک آئرن اور دیگر گھریلو برقی آلات اسلام آباد انٹرنیشنل ایئرپورٹ پر چیک شدہ بیگیج میں مکمل طور پر جائز ہیں۔ طالب علم اور پیشہ ور افراد اکثر چھوٹے آلات جیسے آئرن، کیتلی، امرشن ہیٹر، اور پنکھے ہاسٹلز، یونیورسٹیوں، یا نئی رہائش میں منتقل ہوتے وقت منتقل کرتے ہیں۔ اپنے الیکٹرک آئرن کو چیک شدہ سامان میں پیک کرنے سے پہلے، یقینی بنائیں کہ اگر حال ہی میں استعمال ہوا تھا تو یہ مکمل طور پر ٹھنڈا ہو گیا ہے۔ بھاپ والے آئرن کے ذخیروں سے کوئی بھی پانی خالی کر دیں، کیونکہ پانی بیگیج ہینڈلنگ کے دوران لیک ہو سکتا ہے اور آپ کے کپڑوں یا دیگر اشیاء کو نقصان پہنچا سکتا ہے۔ پاور کورڈ کو آئرن کے اردگرد احتیاط سے لپیٹیں اور اگر ممکن ہو تو اسے اس کے اصل باکس میں پیک کریں، یا اسے کپڑوں یا تولیوں میں لپیٹیں تاکہ اضافی کشننگ فراہم کی جا سکے۔ اگر آئرن کی نوک تیز ہے تو اسے اس طرح پیک کریں کہ یہ بیگ کے کپڑے یا دیگر اشیاء میں سوراخ نہ کرے۔ آئرن وزنی اشیاء ہیں تو اس کے وزن پر غور کریں جب آپ اپنے مجموعی بیگیج الاؤنس کا حساب لگائیں۔","الیکٹرک آئرن"
"97","میرے کمپنی کے بیگ پر ہر جگہ لوگو اسٹیکرز ہیں، کیا یہ قابل قبول ہے؟","ur","baggage","departure","{}","جی ہاں، کمپنی کے لوگو، برانڈ اسٹیکرز، اور آرائشی لیبلز والا سامان مکمل طور پر قابل قبول ہے اور درحقیقت اسلام آباد انٹرنیشنل ایئرپورٹ پر کافی عام ہے۔ بہت سے مسافر اپنے بیگ کو ذاتی بنانے کے لیے اسٹیکرز استعمال کرتے ہیں، جو انہیں بیگیج کیروسل پر آسانی سے قابل شناخت بناتا ہے اور کسی دوسرے مسافر کی طرف سے غلطی سے آپ کا بیگ لے جانے کا امکان کم کرتا ہے کیونکہ بہت سے سوٹ کیس ایک جیسے لگتے ہیں۔ کارپوریشنز سے کمپنی برانڈڈ بیگ، واقعات سے پروموشنل بیگ، یا سفری اسٹیکرز سے ڈھکے ہوئے سامان سب ایئرپورٹس پر معیاری نظارے ہیں۔ واحد پابندی یہ ہوگی اگر اسٹیکرز یا لوگو میں جارحانہ مواد، نفرت کی علامات، یا نامناسب تصاویر ہوں، جس صورت میں سیکیورٹی یا ایئرلائن عملہ آپ کو بیگ کو بورڈ کرنے سے پہلے جارحانہ اسٹیکرز ہٹانے کے لیے کہہ سکتا ہے۔ عام کمپنی کے لوگو، سفری منزل اسٹیکرز، یونیورسٹی کے لیبلز، اور برانڈ مارکنگ بالکل ٹھیک ہیں اور درحقیقت آپ کے بیگ کو مخصوص اور تلاش کرنے میں آسان بناتی ہیں۔ کچھ مسافر جان بوجھ کر اپنے بیگ کو رنگین ٹیپ، ربن، یا کئی اسٹیکرز سے نمایاں بناتے ہیں تاکہ بیگیج کلیم پر فوری شناخت ہو سکے۔","لوگو اسٹیکرز ٹھیک ہیں"
"98","کیا میں اپنے چیک شدہ بیگ میں چڑھائی کی رسی اور کیربینر پیک کر سکتا ہوں؟","ur","baggage","departure","{""item"":""climbing equipment""}","جی ہاں، پہاڑی چڑھائی اور چٹان چڑھائی کا سامان بشمول رسیاں، کیربینر، ہارنس، بیلے ڈیوائسز، اسینڈرز، ڈیسینڈرز، اور چڑھائی کے جوتے پاکستانی ایئرپورٹس پر چیک شدہ بیگیج میں جائز ہیں۔ پاکستان میں ایک مضبوط کوہ پیمائی کمیونٹی ہے جس میں بہت سے کوہ پیما شمالی علاقوں جیسے گلگت بلتستان، ہنزہ، اور کے ٹو بیس کیمپ کی طرف جاتے ہیں، تو چڑھائی کا گیئر عام طور پر منتقل کیا جاتا ہے۔ آپ کا سامان آپ کے باقاعدہ چیک شدہ بیگیج وزن الاؤنس میں شمار ہوگا، اور چڑھائی کا گیئر خاص طور پر رسیوں کے ساتھ کافی بھاری ہو سکتا ہے۔ کیربینر جیسے دھاتی سامان کو احتیاط سے پیک کریں تاکہ وہ بیگ کے اندرونی حصے یا دیگر مواد کو نقصان نہ پہنچائیں۔ رسیوں کو صاف طریقے سے کنڈلی بنائیں اور انہیں محفوظ کریں۔ تیز اشیاء جیسے آئس ایکسز، کریمپنز، اور چڑھائی کے پیگ کو بہت احتیاط سے پیک کرنا چاہیے - ان کے تیز نکات کو شیتھ یا لپیٹ دیں اور انہیں اس طرح پیک کریں کہ وہ بیگ میں سوراخ نہ کر سکیں یا دیگر اشیاء کو نقصان نہ پہنچائیں۔ کچھ ایئرلائنز سپورٹس ایکوئپمنٹ الاؤنس پیش کرتی ہیں یا چڑھائی کے گیئر کے لیے الاؤنس میں اضافہ کرتی ہیں - یہ چیک کرنے کے لیے اپنی ایئرلائن سے رابطہ کریں۔","چڑھائی کا گیئر"
"99","میں اسلام آباد سے پشاور کو منتقل ہو رہا ہوں، کیا میرا بیگ براہ راست جائے گا؟","ur","baggage","departure","{""flight_type"":""domestic connection""}","ایک ہی ایئرلائن پر پاکستان کے اندر منسلک ملکی پروازوں کے لیے، آپ کا چیک شدہ بیگیج عام طور پر براہ راست آپ کی آخری منزل تک چیک کیا جاتا ہے، یعنی آپ کو اسلام آباد میں اسے جمع کرنے اور دوبارہ چیک کرنے کی ضرورت نہیں ہوگی۔ جب آپ اپنے اصل شہر میں چیک ان کریں تو چیک ان ایجنٹ کو مطلع کریں کہ آپ کی منسلک پرواز ہے اور دونوں پرواز کی تفصیلات فراہم کریں - وہ آپ کے بیگ کو اسلام آباد کے راستے پشاور تک راستے کے لیبلز کے ساتھ ٹیگ کریں گے۔ آپ کو بیگیج کلیم ٹیگ ملیں گے اور عملے کو واضح طور پر تصدیق کرنی چاہیے کہ آپ کا بیگ آپ کی آخری منزل تک چیک کیا گیا ہے۔ تاہم، چیک ان پر اس کی واضح تصدیق کرنا ضروری ہے۔ اگر آپ مختلف ایئرلائنز کے ساتھ سفر کر رہے ہیں یا اگر آپ نے الگ الگ ٹکٹ بک کیے ہیں تو آپ کو اسلام آباد میں اپنا بیگ جمع کرنا، کسٹمز اور امیگریشن سے گزرنا اگر بین الاقوامی ہے، اور پھر پشاور کی پرواز کے لیے دوبارہ چیک ان کرنا ہوگا۔ یقینی بنائیں کہ آپ کے پاس پروازوں کے درمیان کافی وقت ہے - ملکی کنکشنز کے لیے کم از کم 2 گھنٹے کی سفارش کی جاتی ہے۔","ملکی منتقلی"
"100","کیا میں اپنے ہینڈ لگیج میں سبز چائے اور جڑی بوٹیوں کی چائے لے جا سکتا ہوں؟","ur","baggage","departure","{""item"":""tea""}","جی ہاں، آپ اسلام آباد انٹرنیشنل ایئرپورٹ پر اپنے ہینڈ لگیج میں بغیر کسی پابندی کے سبز چائے، جڑی بوٹیوں کی چائے، سیاہ چائے، روایتی کشمیری کہوا، اور دیگر چائے کی مصنوعات لے جا سکتے ہیں۔ خشک شکل میں چائے - چاہے ڈھیلی چائے کی پتیاں، چائے کے بیگ، چائے کا پاؤڈر، یا خشک جڑی بوٹیاں ہوں - مائع یا محدود مادے کے طور پر درجہ بند نہیں ہے، تو معیاری بیگیج قوانین لاگو ہوتے ہیں۔ یہ اشیاء سیکیورٹی اسکریننگ سے آسانی سے گزرتی ہیں اور پاکستانی مسافروں کی طرف سے عام طور پر لے جائی جاتی ہیں جو اپنی پسندیدہ چائے کی برانڈز یا روایتی اقسام چاہتے ہیں جو ان کی منزل پر دستیاب نہیں ہو سکتیں۔ چائے کو اس کی اصل پیکیجنگ میں رکھنا بہترین ہے کیونکہ یہ مواد کی شناخت کو آسان بناتا ہے۔ اگر آپ بڑی مقدار میں یا ڈھیلی چائے کی پتیاں لے جا رہے ہیں تو انہیں سیل شدہ، واضح بیگ یا کنٹینرز میں پیک کرنے پر غور کریں۔ یاد رکھیں کہ اگر آپ بین الاقوامی طور پر سفر کر رہے ہیں تو آپ کی منزل کی سرزمین میں خوراک اور زرعی مصنوعات کی درآمد پر اپنی پابندیاں ہو سکتی ہیں، تو پہنچنے سے پہلے چیک کریں۔","چائے کی مصنوعات"
"101","اکانومی کلاس میں سامان کی کتنی اجازت ہے؟ براہِ کرم تصدیق کریں۔","ur","baggage","departure","{}","اکانومی کلاس مسافروں کو 20 کلو چیک شدہ سامان اور 7 کلو کیبن سامان کی اجازت ہے","عام سوال | Auto-generated"
"102","اضافی سامان کا کتنا چارج ہے۔ براہِ کرم؟","ur","baggage","departure","{}","اضافی سامان کی قیمت ملکی پروازوں کے لیے فی کلو 800 روپے اور بین الاقوامی پروازوں کے لیے فی کلو 15 ڈالر ہے","قیمت کا سوال | Auto-generated"
"103","کیا میں ہینڈ لگیج کے ساتھ لیپ ٹاپ بیگ بھی لے جا سکتا ہوں؟ [3]","ur","baggage","departure","{}","جی ہاں، آپ اپنے کیبن سامان کے علاوہ ایک لیپ ٹاپ بیگ یا ہینڈ بیگ لے جا سکتے ہیں","کیبن سامان کے قواعد | Auto-generated"
"104","چیک شدہ سامان میں کون سی اشیاء ممنوع ہیں؟ [4]","ur","baggage","departure","{}","ممنوعہ اشیاء میں لتھیم بیٹریاں، پاور بینک، لائٹر، تیز دھار چیزیں اور آتش گیر مواد شامل ہیں","حفاظتی ضابطے | Auto-generated"
"105","کیبن سامان کی وزن کی حد کیا ہے؟ [5]","ur","baggage","departure","{}","کیبن سامان کا وزن 7 کلو سے زیادہ نہیں ہونا چاہیے اور سائز 56 سینٹی میٹر x 36 سینٹی میٹر x 23 سینٹی میٹر ہونا چاہیے","معیاری حدود | Auto-generated"
"106","سامان جمع کرانے کا کاؤنٹر کہاں ہے۔ براہِ کرم؟","ur","baggage","departure","{}","سامان جمع کرانے کے کاؤنٹر آپ کی ایئر لائن کے چیک ان کے علاقے میں روانگی ہال میں واقع ہیں","مقام کا سوال | Auto-generated"
"107","کیا میں ہوائی اڈے پر اضافی سامان چیک ان کر سکتا ہوں۔ براہِ کرم؟","ur","baggage","departure","{}","جی ہاں، آپ دستیابی کے مطابق چیک ان کاؤنٹر پر اضافی سامان کی اجازت خرید سکتے ہیں","آخری لمحے کی خریداری | Auto-generated"
"108","بچوں کے لیے سامان کی اجازت کیا ہے۔ براہِ کرم؟","ur","baggage","departure","{""passenger_type"":""infant""}","شیر خوار بچوں کو 10 کلو چیک شدہ سامان اور ایک تہہ ہونے والی گاڑی یا کار سیٹ کی اجازت ہے","خاندانی سفر | Auto-generated"
"109","کیا موسیقی کے آلات کیبن سامان کے طور پر لے جا سکتے ہیں۔ براہِ کرم؟","ur","baggage","departure","{""item"":""musical instrument""}","چھوٹے موسیقی کے آلات جو اوور ہیڈ بن میں آ جائیں اجازت ہیں؛ بڑے آلات چیک کرنے ہوں گے یا اضافی سیٹ چاہیے","خاص اشیاء | Auto-generated"
"110","سامان چیک ان کے لیے کتنی جلدی پہنچنا چاہیے؟ براہِ کرم تصدیق کریں۔","ur","baggage","departure","{}","بین الاقوامی پروازوں سے کم از کم 3 گھنٹے پہلے اور ملکی پروازوں سے 2 گھنٹے پہلے پہنچیں","وقت کی تجویز | Auto-generated"
"111","کیا میں اپنے چیک شدہ سامان کو تالا لگا سکتا ہوں؟ [11]","ur","baggage","departure","{}","جی ہاں، آپ TSA منظور شدہ تالے استعمال کر سکتے ہیں؛ عام تالوں سے بچیں کیونکہ سیکیورٹی کو آپ کے بیگ کا معائنہ کرنا پڑ سکتا ہے","حفاظتی مشورہ | Auto-generated"
"112","اگر میرا سامان زیادہ وزنی ہو تو کیا ہوگا؟ براہِ کرم تصدیق کریں۔","ur","bagbage","departure","{}","آپ کو اضافی سامان کی فیس دینی ہوگی یا وزن کی حد پوری کرنے کے لیے چیزیں نکالنی ہوں گی","عام تشویش | Auto-generated"
"113","کیا کھیلوں کا سامان چیک شدہ سامان میں اجازت ہے؟ [13]","ur","baggage","departure","{""item"":""sports equipment""}","جی ہاں، گولف کلب اور سکی جیسے کھیلوں کا سامان اجازت ہے لیکن اضافی چارجز لگ سکتے ہیں","خاص سامان | Auto-generated"
"114","کیا میں اپنے کیبن بیگ میں مائعات لے جا سکتا ہوں۔ براہِ کرم؟","ur","baggage","departure","{""item"":""liquids""}","مائعات 100 ملی لیٹر یا اس سے کم کے کنٹینرز میں ہونے چاہئیں، صاف پلاسٹک بیگ میں رکھے ہوئے (زیادہ سے زیادہ 1 لیٹر)","سیکیورٹی قاعدہ | Auto-generated"
"115","بزنس کلاس کا سامان کی اجازت کیا ہے۔ براہِ کرم؟","ur","baggage","departure","{""class"":""business""}","بزنس کلاس مسافروں کو 30 کلو چیک شدہ سامان اور 7 کلو کیبن سامان کی اجازت ہے","پریمیم کلاس | Auto-generated"
"116","کیا پاور بینک چیک شدہ سامان میں لے جا سکتے ہیں۔ براہِ کرم؟","ur","baggage","departure","{""item"":""power bank""}","نہیں، پاور بینک صرف کیبن سامان میں ہونے چاہئیں آگ کی حفاظت کے ضوابط کی وجہ سے","اہم پابندی | Auto-generated"
"117","کیا میں ہوائی اڈے پر اپنے سامان کو لپیٹ سکتا ہوں؟ [17]","ur","baggage","departure","{}","جی ہاں، چیک ان کے علاقے کے قریب فیس کے عوض سامان لپیٹنے کی سروس دستیاب ہے","اضافی خدمت | Auto-generated"
"118","کیبن سامان کے طور پر کتنے سائز کا بیگ اجازت ہے؟ براہِ کرم تصدیق کریں۔","ur","baggage","departure","{}","زیادہ سے زیادہ سائز 56 سینٹی میٹر x 36 سینٹی میٹر x 23 سینٹی میٹر ہے","سائز کی پابندیاں | Auto-generated"
"119","میں مفت میں کتنے بیگ چیک ان کر سکتا ہوں؟ [19]","ur","baggage","departure","{}","یہ آپ کی ایئر لائن اور ٹکٹ کلاس پر منحصر ہے؛ اکانومی میں عام طور پر 1-2 بیگ اجازت ہیں","ایئر لائن کے لحاظ سے مختلف | Auto-generated"
"120","کیا ڈیوٹی فری اشیاء کیبن سامان کی اجازت میں شامل ہیں؟ براہِ کرم تصدیق کریں۔","ur","baggage","departure","{""item"":""duty-free""}","ڈیوٹی فری خریداریاں عام طور پر آپ کے کیبن سامان کی اجازت کے علاوہ ہوتی ہیں","خریداری کی استثنیٰ | Auto-generated"
"121","کیا میں اپنے چیک شدہ سامان میں کھانے کی اشیاء لے جا سکتا ہوں؟ [21]","ur","baggage","departure","{""item"":""food""}","زیادہ تر غیر مائع کھانے کی اشیاء اجازت ہیں؛ تازہ پیداوار کے لیے منزل ملک کی پابندیاں چیک کریں","منزل کے لحاظ سے مختلف | Auto-generated"
"122","اگر میرا سامان سائز کی پابندیوں سے زیادہ ہو تو کیا ہوگا؟ [22]","ur","baggage","departure","{}","بڑے سائز کا سامان چیک کرنا ضروری ہے اور اضافی فیس لگ سکتی ہے","سائز کی خلاف ورزی | Auto-generated"
"123","کیا سامان جمع کرانے کے لیے الگ قطار ہے؟ [23]","ur","baggage","departure","{}","کچھ ایئر لائنز آن لائن چیک ان کرنے والے مسافروں کے لیے الگ سامان جمع کرانے کے کاؤنٹر فراہم کرتی ہیں","فاسٹ ٹریک آپشن | Auto-generated"
"124","کیا میں الیکٹرانکس چیک شدہ سامان میں لے جا سکتا ہوں؟ براہِ کرم تصدیق کریں۔","ur","baggage","departure","{""item"":""electronics""}","قیمتی الیکٹرانکس کیبن سامان میں لے جانے کی تجویز ہے تاکہ نقصان یا چوری سے بچا جا سکے","حفاظتی تجویز | Auto-generated"
"125","سامان چیک ان پر کون سی اشیاء کا اعلان کرنا ضروری ہے؟ [25]","ur","baggage","departure","{}","قیمتی اشیاء، نازک سامان، لتھیم بیٹریاں اور کسی بھی محدود اشیاء کا اعلان کریں","اعلان کی ضروریات | Auto-generated"
"126","کیا بڑے سائز کے سامان کے لیے ذخیرہ کی سہولیات ہیں۔ براہِ کرم؟","ur","baggage","departure","{}","بڑے سائز کے سامان کو خاص کاؤنٹروں پر سنبھالا جاتا ہے؛ مخصوص طریقہ کار کے لیے اپنی ایئر لائن سے رابطہ کریں","خاص نمٹنا | Auto-generated"
"127","کیا میں آن لائن چیک ان کے بعد سامان کی اجازت شامل کر سکتا ہوں؟ براہِ کرم تصدیق کریں۔","ur","baggage","departure","{}","جی ہاں، آپ سامان جمع کرانے سے پہلے ہوائی اڈے کے کاؤنٹر پر اضافی اجازت خرید سکتے ہیں","چیک ان کے بعد خریداری | Auto-generated"
"128","کیبن سامان میں کیا اجازت نہیں ہے؟ براہِ کرم تصدیق کریں۔","ur","baggage","departure","{}","تیز دھار چیزیں، اوزار، 100 ملی لیٹر سے زیادہ مائعات اور کھیلوں کا سامان کیبن میں اجازت نہیں","سیکیورٹی پابندیاں | Auto-generated"
"129","میں خراب شدہ سامان کی اطلاع کیسے دوں؟ براہِ کرم تصدیق کریں۔","ur","baggage","departure","{}","ہوائی اڈہ چھوڑنے سے پہلے فوری طور پر ایئر لائن کے سامان کی سروس کاؤنٹر پر خراب شدہ سامان کی اطلاع دیں","نقصان کے دعوے | Auto-generated"
"130","کیا میں اپنی شادی کا لباس کیبن سامان کے طور پر لے جا سکتی ہوں؟ [30]","ur","baggage","departure","{""item"":""wedding dress""}","شادی کے لباس کیبن سامان کے طور پر لے جائے جا سکتے ہیں اگر وہ اوور ہیڈ بن میں آ جائیں یا آپ گارمنٹ بیگ کی درخواست کر سکتے ہیں","خاص موقع | Auto-generated"
"131","کیا عارضی طور پر سامان ذخیرہ کرنے کے لیے لاکر ہیں؟ [31]","ur","baggage","departure","{}","روانگی ہال میں فیس کے عوض عارضی سامان ذخیرہ کرنے کے لاکر دستیاب ہیں","ذخیرہ کا آپشن | Auto-generated"
"132","سامان چیک ان کے لیے کون سے دستاویزات چاہیے۔ براہِ کرم؟","ur","baggage","departure","{}","سامان چیک ان کے لیے آپ کو اپنا بورڈنگ پاس اور درست شناختی کارڈ/پاسپورٹ چاہیے","مطلوبہ دستاویزات | Auto-generated"
"133","کیا میں اپنے سامان کی اجازت کو بیگوں میں تقسیم کر سکتا ہوں۔ براہِ کرم؟","ur","baggage","departure","{}","جی ہاں، آپ اپنے کل وزن کی اجازت کو متعدد بیگوں میں تقسیم کر سکتے ہیں جب تک کہ ہر ایک انفرادی بیگ کی حد سے تجاوز نہ کرے","وزن کی تقسیم | Auto-generated"
"134","کیا نازک اشیاء چیک شدہ سامان میں اجازت ہیں؟ براہِ کرم تصدیق کریں۔","ur","baggage","departure","{""item"":""fragile""}","نازک اشیاء چیک کی جا سکتی ہیں لیکن مناسب طریقے سے پیک ہونی چاہئیں؛ قیمتی چیزیں کیبن میں لے جانے کی تجویز ہے","خطرے کا مشورہ | Auto-generated"
"135","طلباء کے لیے سامان کی اجازت کیا ہے؟ [35]","ur","baggage","departure","{""passenger_type"":""student""}","کچھ ایئر لائنز طلباء کے لیے اضافی سامان کی اجازت دیتی ہیں؛ مخصوص پالیسیوں کے لیے اپنی ایئر لائن سے چیک کریں","خاص زمرہ | Auto-generated"
"136","کیا میں دوائیں کیبن سامان میں لے جا سکتا ہوں؟ [36]","ur","baggage","departure","{""item"":""medicines""}","جی ہاں، نسخے کی دوائیں مناسب دستاویزات کے ساتھ کیبن سامان میں اجازت ہیں","طبی استثنیٰ | Auto-generated"
"137","ایئر لائنز کیبن سامان کے وزن کے بارے میں کتنی سخت ہیں۔ براہِ کرم؟","ur","baggage","departure","{}","زیادہ تر ایئر لائنز خاص طور پر چوٹی کے موسموں میں 7 کلو کی حد کو سختی سے نافذ کرتی ہیں","نفاذ کی سطح | Auto-generated"
"138","کیا میں پالتو جانوروں کے کیریئر کو سامان کے طور پر چیک ان کر سکتا ہوں؟ براہِ کرم تصدیق کریں۔","ur","baggage","departure","{""item"":""pet carrier""}","منظور شدہ کیریئر میں چھوٹے پالتو جانور کیبن میں اجازت ہو سکتے ہیں؛ بڑے پالتو جانور چیک شدہ سامان یا کارگو کے طور پر سفر کریں","پالتو جانوروں کا سفر | Auto-generated"
"139","اپنے بیگ کو چیک کرنے سے پہلے مجھے کیا نکالنا چاہیے۔ براہِ کرم؟","ur","baggage","departure","{}","تمام قیمتی چیزیں، دستاویزات، چابیاں، دوائیں، الیکٹرانکس اور خراب ہونے والی اشیاء نکال دیں","چیک سے پہلے کی تیاری | Auto-generated"
"140","کیا کیمپنگ کا سامان اور خیمے اجازت ہیں؟ براہِ کرم تصدیق کریں۔","ur","baggage","departure","{""item"":""camping equipment""}","کیمپنگ کا سامان چیک شدہ سامان میں اجازت ہے؛ چاقو جیسی تیز دھار چیزیں مناسب طریقے سے پیک ہونی چاہئیں","آؤٹ ڈور گیئر | Auto-generated"
"141","کیا میں بچوں کا کھانا کیبن سامان میں لے جا سکتا ہوں۔ براہِ کرم؟","ur","baggage","departure","{""item"":""baby food""}","بچوں کا کھانا اور دودھ شیر خوار بچوں کے ساتھ سفر کرنے والے مسافروں کے لیے مائع پابندیوں سے مستثنیٰ ہیں","خاندانی استثنیٰ | Auto-generated"
"142","اگر میں اپنا سامان کا ٹیگ جمع نہیں کرتا تو کیا ہوگا؟ [42]","ur","baggage","departure","{}","سامان کا ٹیگ آپ کے سامان کا دعویٰ کرنے کے لیے ضروری ہے؛ اگر آپ اسے کھو دیں تو فوری طور پر اطلاع دیں","اہم دستاویز | Auto-generated"
"143","کیا پریمیم اکانومی کے لیے وزن کی پابندیاں ہیں؟ براہِ کرم تصدیق کریں۔","ur","baggage","departure","{""class"":""premium economy""}","پریمیم اکانومی مسافروں کو عام طور پر 25 کلو چیک شدہ سامان کی اجازت ملتی ہے","درمیانی درجے کی کلاس | Auto-generated"
"144","کیا میں دوسرے مسافروں کے ساتھ سامان یکجا کر سکتا ہوں۔ براہِ کرم؟","ur","baggage","departure","{}","سامان کا ملاپ ایئر لائن کی پالیسی پر منحصر ہے؛ کچھ ایک ہی بکنگ پر مسافروں کے لیے اجازت دیتی ہیں","گروپ سفر | Auto-generated"
"145","چیک شدہ بیگوں کے لیے کون سی پیکیجنگ تجویز کی جاتی ہے۔ براہِ کرم؟","ur","baggage","departure","{}","نازک اشیاء کے لیے سخت خول والے سوٹ کیس استعمال کریں، تمام زپ محفوظ کریں اور TSA تالے استعمال کریں","پیکنگ کا مشورہ | Auto-generated"
"146","کیا بیٹریاں چیک شدہ سامان میں اجازت ہیں۔ براہِ کرم؟","ur","baggage","departure","{""item"":""batteries""}","اضافی لتھیم بیٹریاں کیبن سامان میں ہونی چاہئیں؛ آلات میں نصب بیٹریاں چیک کی جا سکتی ہیں","بیٹری کے قواعد | Auto-generated"
"147","کیا میں بکنگ کے بعد اپنے سامان کی اجازت تبدیل کر سکتا ہوں؟ [47]","ur","baggage","departure","{}","جی ہاں، آپ چیک ان سے پہلے آن لائن یا ہوائی اڈے کے کاؤنٹر پر اضافی اجازت خرید سکتے ہیں","بکنگ کے بعد تبدیلیاں | Auto-generated"
"148","گمشدہ سامان کی ذمہ داری کی حد کیا ہے؟ براہِ کرم تصدیق کریں۔","ur","baggage","departure","{}","بین الاقوامی پروازوں کے لیے ایئر لائنز کی ذمہ داری فی مسافر تقریباً 1,500-2,000 ڈالر تک محدود ہے","معاوضے کی حدود | Auto-generated"
"149","کیا کوئی رنگین کوڈ والے سامان کے ٹیگ ہیں؟ [49]","ur","baggage","departure","{}","ایئر لائنز منزل اور راستے کی شناخت کے لیے رنگین کوڈ والے ٹیگ استعمال کرتی ہیں؛ ترجیحی ٹیگ مختلف رنگ کے ہو سکتے ہیں","ٹیگ کا نظام | Auto-generated"
"150","کیا میں کرسمس کی سجاوٹ چیک شدہ سامان میں لے جا سکتا ہوں؟ براہِ کرم تصدیق کریں۔","ur","baggage","departure","{""item"":""decorations""}","غیر نازک سجاوٹ اجازت ہے؛ شیشے کی سجاوٹ سے بچیں یا انہیں ٹوٹنے سے بچانے کے لیے مناسب طریقے سے پیک کریں","موسمی اشیاء | Auto-generated"
"151","میں اپنی بوڑھی والدہ کے ساتھ سفر کر رہا ہوں، کیا ہمیں سامان میں مدد مل سکتی ہے؟ [51]","ur","baggage","departure","{""passenger"":""elderly""}","جی ہاں، اسلام آباد انٹرنیشنل ایئرپورٹ بزرگ مسافروں اور ان کے سامان کے لیے جامع امدادی خدمات فراہم کرتا ہے۔ آپ چیک ان کاؤنٹر پر مفت وہیل چیئر اور پورٹر سروسز کی درخواست کر سکتے ہیں۔ ہمارا تربیت یافتہ عملہ آپ کی والدہ کی چیک ان علاقے سے لے کر سیکیورٹی اسکریننگ تک مکمل مدد کرے گا، اور وہ پورے عمل کے دوران آپ کے سامان کو اٹھانے اور منظم کرنے میں بھی مدد کریں گے۔ پورٹر سروس میں بیگ کو چیک ان بیلٹ پر لوڈ کرنا، آپ کے ساتھ سیکیورٹی ایریا تک جانا، اور یہ یقینی بنانا شامل ہے کہ آپ کے تمام سامان کو مناسب طریقے سے سنبھالا جائے۔ بہترین تجربے کے لیے، جب آپ پہلی بار چیک ان کاؤنٹر پر پہنچیں تو ایئرلائن کے عملے کو اپنی مدد کی ضروریات کے بارے میں آگاہ کریں، اور وہ فوری مدد کا بندوبست کریں گے۔ اگر آپ کو وہیل چیئر کی ضرورت ہے تو یہ داخلی راستے اور پورے ٹرمینل میں دستیاب ہیں۔","بزرگوں کی مدد | Auto-generated"
"152","اگر میری منسلک پرواز مختلف ایئرلائن کی ہے تو کیا ہوگا۔ براہِ کرم؟","ur","baggage","departure","{""flight_type"":""connecting""}","جب آپ کی اسلام آباد انٹرنیشنل ایئرپورٹ پر مختلف ایئرلائنز کے ساتھ منسلک پروازیں ہیں، تو آپ کو اپنا چیک شدہ سامان پہلی پرواز کے بیگیج کلیم ایریا سے جمع کرنا ہوگا اور پھر اسے اپنی دوسری ایئرلائن کے نامزد چیک ان کاؤنٹر پر دوبارہ چیک کرنا ہوگا۔ یہ انٹر ایئرلائن کنکشنز کے لیے معیاری طریقہ کار ہے کیونکہ ہر ایئرلائن کا الگ بیگیج ہینڈلنگ سسٹم اور ذمہ داری ہوتی ہے۔ اپنی پہلی پرواز کی روانگی سے پہلے، اپنی ابتدائی ایئرلائن کے چیک ان عملے کے ساتھ مکمل منتقلی کے طریقہ کار کی تصدیق کریں، کیونکہ وہ وقت اور آپ کی منسلک ایئرلائن کے لیے کونسا کاؤنٹر استعمال کرنا ہے کے بارے میں مخصوص رہنمائی فراہم کر سکتے ہیں۔ یقینی بنائیں کہ پروازوں کے درمیان کافی وقت ہو - ہم ایئرلائنز تبدیل کرتے وقت ملکی کنکشنز کے لیے کم از کم 3-4 گھنٹے اور بین الاقوامی کنکشنز کے لیے 4-5 گھنٹے کی سفارش کرتے ہیں۔","مختلف ایئرلائن منتقلی | Auto-generated"
"153","کیا میں اپنے ہینڈ لگیج میں خشک میوہ جات اور گری دار میوے لے جا سکتا ہوں۔ براہِ کرم؟","ur","baggage","departure","{""item"":""dried fruits""}","جی ہاں، آپ اپنے ہینڈ لگیج میں خشک میوہ جات، گری دار میوے، بیج اور دیگر پیکیج شدہ نمکین بغیر کسی مقدار کی پابندی یا خصوصی اجازت کی ضرورت کے لے جا سکتے ہیں۔ یہ اشیاء مائع یا محدود سامان کے طور پر درجہ بند نہیں ہیں، اس لیے وہ بغیر کسی مسئلے کے سیکیورٹی اسکریننگ سے گزر جاتی ہیں۔ سہولت کے لیے اور سیکیورٹی چیک کو تیز کرنے کے لیے، بہتر ہے کہ ان کھانے کی اشیاء کو ان کی اصل سیل شدہ پیکیجنگ میں رکھیں یا انہیں صاف، شفاف پلاسٹک بیگ یا کنٹینرز میں رکھیں۔ یہ سیکیورٹی اہلکاروں کے لیے ایکسرے اسکریننگ کے دوران مواد کی فوری شناخت کو آسان بناتا ہے۔ مقبول اشیاء جیسے بادام، کاجو، پستہ، خشک خوبانی، کھجوریں، کشمش اور ٹریل مکس عام طور پر مسافروں کی طرف سے لے جائے جاتے ہیں اور بالکل قابل قبول ہیں۔","نمکین کی اجازت | Auto-generated"
"154","میری پرواز 5 گھنٹے تاخیر کا شکار ہے، میں اپنا سامان کہاں اسٹور کر سکتا ہوں؟ براہِ کرم تصدیق کریں۔","ur","baggage","departure","{""issue"":""delayed flight""}","اہم پرواز کی تاخیر کے لیے، اسلام آباد انٹرنیشنل ایئرپورٹ ڈیپارچر ہال کے مرکزی داخلی راستے کے قریب لیفٹ لگیج اسٹوریج سہولیات پیش کرتا ہے۔ اسٹوریج سروس 24/7 کام کرتی ہے اور آپ کے سامان کے سائز اور وزن کے لحاظ سے تقریباً 300-500 روپے فی بیگ فی دن وصول کرتی ہے۔ یہ سہولت محفوظ ہے، سی سی ٹی وی کیمروں سے نگرانی کی جاتی ہے، اور تربیت یافتہ اہلکاروں کی نگرانی میں ہے جو آپ کو ایک کلیم ٹکٹ فراہم کریں گے۔ متبادل طور پر، آپ کو اپنی ایئرلائن کے کسٹمر سروس ڈیسک پر چیک کرنا چاہیے، کیونکہ بہت سی ایئرلائنز اہم تاخیر سے متاثرہ مسافروں کے لیے مفت عارضی بیگیج اسٹوریج پیش کرتی ہیں۔","تاخیر اسٹوریج | Auto-generated"
"155","کیا یہاں خود بیگیج ٹیگ پرنٹ کرنے کی مشین ہے؟ براہِ کرم تصدیق کریں۔","ur","baggage","departure","{""service"":""tag printing""}","نہیں، اسلام آباد انٹرنیشنل ایئرپورٹ پر فی الوقت مسافروں کے استعمال کے لیے سیلف سروس بیگیج ٹیگ پرنٹنگ کیوسک دستیاب نہیں ہیں۔ تمام بیگیج ٹیگ چیک ان کاؤنٹرز پر مجاز ایئرلائن عملے کی طرف سے پرنٹ اور منسلک کیے جانے چاہیے۔ یہ نظام اس لیے موجود ہے کیونکہ بیگیج ٹیگز میں مخصوص بارکوڈز اور راستے کی معلومات ہوتی ہیں جو ایئرلائن کے بیگیج ہینڈلنگ سسٹم میں درست طریقے سے داخل ہونی چاہیے۔ ایئرلائن کا عملہ صحیح منزل کے کوڈز، پرواز نمبروں اور ہینڈلنگ ہدایات کے ساتھ ٹیگ پرنٹ کرنے کے لیے تربیت یافتہ ہے۔","ٹیگ سروس | Auto-generated"
"156","کیا میں اپنا قرآن پاک اور تسبیح ہینڈ لگیج میں لے جا سکتا ہوں؟ [56]","ur","baggage","departure","{""item"":""religious items""}","جی ہاں، قرآن پاک، تسبیح، نماز کی چٹائی، اسلامی کتب، اور دیگر مذہبی اشیاء تمام پاکستانی ایئرپورٹس پر کیبن بیگیج اور چیک شدہ سامان دونوں میں مکمل طور پر اجازت شدہ ہیں۔ یہ اشیاء ذاتی مذہبی مواد کے طور پر شمار ہوتی ہیں اور ایئرپورٹ سیکیورٹی ضوابط کے تحت احترام فراہم کیا جاتا ہے۔ آپ اپنا قرآن کسی بھی فارمیٹ میں لے جا سکتے ہیں۔ لکڑی، پتھر یا پلاسٹک کی تسبیح بغیر پابندی کے جائز ہیں۔ بہت سے مسلم مسافر زمزم کی چھوٹی بوتلیں، عطر، یا مسواک بھی لے جاتے ہیں۔","مذہبی اشیاء | Auto-generated"
"157","مجھے اپنے شیرخوار بچے کے لیے بچے کا دودھ پاؤڈر لے جانا ہے، کیا یہ جائز ہے؟ [57]","ur","baggage","departure","{""item"":""baby milk powder""}","جی ہاں، بچے کا فارمولا دودھ پاؤڈر، شیرخوار خوراک، اور متعلقہ فیڈنگ سپلائیز کیبن بیگیج میں مکمل طور پر جائز ہیں۔ پاکستانی ایئرپورٹ سیکیورٹی بچوں کے ساتھ سفر کرنے والے والدین کے لیے خصوصی رہائش فراہم کرتی ہے۔ آپ اپنے پورے سفر کے لیے کافی فارمولا لے جا سکتے ہیں، بشمول ممکنہ تاخیر کے لیے اضافی حصے۔ شیرخوار کے ساتھ سفر کرتے وقت بچے کا فارمولا پاؤڈر کی مقدار کی حدود سے مستثنیٰ ہے۔ فارمولا کو اس کے اصل برانڈڈ کنٹینر میں رکھنا مددگار ہے۔","بچے کی فیڈنگ اشیاء | Auto-generated"
"158","میرے سوٹ کیس کا پہیہ ٹوٹا ہوا ہے، کیا ایئرلائن اسے قبول کرے گی؟ براہِ کرم تصدیق کریں۔","ur","baggage","departure","{""issue"":""damaged luggage""}","جی ہاں، ایئرلائنز ٹوٹے ہوئے پہیوں والے سامان کو چیک ان کے لیے قبول کریں گی۔ تاہم، یہ سختی سے سفارش کی جاتی ہے کہ آپ اپنے خراب سامان کو پیشہ ورانہ ریپنگ سروس پر لپیٹ لیں، جس کی قیمت تقریباً 200-300 روپے فی بیگ ہے۔ ریپنگ مزید نقصان کو روکتی ہے، ٹوٹے ہوئے حصوں کو کنویئر بیلٹ پر پھنسنے سے بچاتی ہے، اور بیگ کے مواد کو نمائش سے بچاتی ہے۔ اگر آپ کا پہیہ مکمل طور پر الگ ہو گیا ہے تو چیک ان عملے کو مطلع کریں تاکہ وہ آپ کے بیگ پر نازک ٹیگ لگا سکیں۔","خراب بیگ قبولیت | Auto-generated"
"159","کیا میں اپنا روایتی حقہ چیک شدہ سامان میں لا سکتا ہوں؟ [59]","ur","baggage","departure","{""item"":""hookah""}","جی ہاں، روایتی حقے چیک شدہ سامان میں جائز ہیں۔ تاہم، حقہ بالکل صاف ہونا چاہیے جس میں تمباکو کا کوئی اوشیش نہ ہو۔ پیکنگ سے پہلے تمام چیمبرز، نلیاں، اور پیالے کو اچھی طرح صاف کریں۔ اپنے حقے کو احتیاط سے کافی کشننگ کے ساتھ پیک کریں تاکہ شیشے کی بنیاد ٹوٹنے سے بچے۔ ببل ریپ، فوم، یا موٹے کپڑے پیڈنگ کے لیے اچھی طرح کام کرتے ہیں۔ اگر حقے میں کئی حصے ہیں تو انہیں الگ الگ پیک کرنے پر غور کریں۔","روایتی اشیاء | Auto-generated"
"160","کیا چھوٹے بچوں والے خاندانوں کے لیے خصوصی کاؤنٹر ہے؟ [60]","ur","baggage","departure","{""passenger"":""family""}","جی ہاں، اسلام آباد انٹرنیشنل ایئرپورٹ میں چھوٹے بچوں کے ساتھ سفر کرنے والے مسافروں کے لیے خصوصی فیملی چیک ان لینیں ہیں، جو کاؤنٹرز 15-18 پر واقع ہیں۔ یہ ترجیحی لینیں واضح طور پر نشان زد ہیں اور والدین کے لیے چیک ان کو تیز اور کم دباؤ والا بنانے کے لیے ڈیزائن کی گئی ہیں۔ فیملی لینوں میں عام طور پر چھوٹی قطاریں ہوتی ہیں اور عملے کو فیملی کی مخصوص ضروریات میں مدد کے لیے تربیت دی گئی ہے۔ ایئرپورٹ میں بچے کے ڈائپر تبدیل کرنے کے کمرے، نرسنگ روم، اور بچوں کے کھیل کے علاقے بھی ہیں۔","خاندانی خدمات | Auto-generated"
"161","میں اپنی کرکٹ کٹ لے جا رہا ہوں، کیا مجھے کسی خاص دستاویز کی ضرورت ہے؟ [61]","ur","baggage","departure","{""item"":""sports equipment""}","نہیں، اسلام آباد انٹرنیشنل ایئرپورٹ پر کرکٹ کے سامان کو چیک شدہ بیگیج کے طور پر لے جانے کے لیے کسی خاص دستاویز یا اجازت کی ضرورت نہیں ہے۔ کرکٹ کے بیٹ، پیڈز، ہیلمٹ، دستانے، سٹمپس، اور دیگر کرکٹ گیئر عام طور پر مسافروں کی طرف سے منتقل کیے جاتے ہیں۔ آپ کی کرکٹ کٹ آپ کے باقاعدہ چیک شدہ بیگیج وزن الاؤنس میں شمار ہوگی۔ کرکٹ بیٹ چیک شدہ سامان میں ہونے چاہیے اور کیبن بیگیج میں نہیں لے جائے جا سکتے۔ قیمتی سائن شدہ بیٹوں کے لیے اضافی انشورنس کوریج حاصل کرنے پر غور کریں۔","کھیلوں کی دستاویزات | Auto-generated"
"162","کیا میں اپنی والدہ کی سلائی مشین چیک ان کر سکتا ہوں۔ براہِ کرم؟","ur","baggage","departure","{""item"":""sewing machine""}","جی ہاں، آپ سلائی مشین کو بیگیج کے طور پر چیک ان کر سکتے ہیں۔ گھریلو اشیاء اور آلات چیک شدہ سامان میں عام طور پر جائز ہیں بشرطیکہ وہ مناسب طریقے سے پیک ہوں۔ پیکنگ سے پہلے، الیکٹرک ماڈل کی پاور کورڈ کو ہٹا دیں اور الگ سے پیک کریں۔ سوئی کو ہٹا دیں یا محفوظ کریں۔ مشین کو اس کے اصل باکس میں پیک کریں، یا مضبوط کارڈ بورڈ باکس یا ہارڈ شیل سوٹ کیس استعمال کریں۔ مشین آپ کے چیک شدہ بیگیج وزن الاؤنس میں شمار ہوگی۔","گھریلو آلات | Auto-generated"
"163","میری پرواز 40 منٹ میں بورڈ ہو رہی ہے، کیا میں ابھی سامان چیک کر سکتا ہوں؟ براہِ کرم تصدیق کریں۔","ur","baggage","departure","{""issue"":""late check-in""}","آپ بیگیج چیک ان کی آخری حد کے بہت قریب ہیں۔ ملکی پروازوں کے لیے بیگیج چیک ان عام طور پر روانگی سے 45 منٹ پہلے بند ہو جاتا ہے، جبکہ بین الاقوامی پروازوں کے لیے 60 منٹ پہلے۔ صرف 40 منٹ بورڈنگ تک، آپ بین الاقوامی پروازوں کے لیے آخری وقت سے گزر چکے ہیں اور ملکی پروازوں کے لیے حد پر ہیں۔ فوری طور پر چیک ان کاؤنٹر پر پہنچیں اور اپنی صورتحال بیان کریں۔ کچھ ایئرلائنز استثنیٰ بنا سکتی ہیں لیکن وہ پابند نہیں ہیں۔","فوری وقت | Auto-generated"
"164","میں اپنے گاؤں شہد لے جانا چاہتا ہوں، کیا پابندیاں ہیں؟ براہِ کرم تصدیق کریں۔","ur","baggage","departure","{""item"":""honey""}","شہد کو ہوا بازی سیکیورٹی کے مقاصد کے لیے مائع مادہ کے طور پر درجہ بند کیا جاتا ہے۔ چیک شدہ سامان کے لیے، آپ بغیر پابندی کے کسی بھی مقدار میں شہد پیک کر سکتے ہیں۔ یقینی بنائیں کہ برتن مضبوطی سے سیل شدہ اور لیک پروف ہیں، اور انہیں پلاسٹک بیگ میں لپیٹیں۔ کیبن بیگیج کے لیے، شہد 100 ملی لیٹر مائع اصول کی پیروی کرتا ہے۔ زیادہ تر مسافر چیک شدہ بیگیج میں شہد پیک کرنا پسند کرتے ہیں۔","مائع شہد قوانین | Auto-generated"
"165","کیا میری دوربین اوور ہیڈ بن میں جا سکتی ہے؟ براہِ کرم تصدیق کریں۔","ur","baggage","departure","{""item"":""telescope""}","آپ کی دوربین کا اوور ہیڈ بن میں جانا بنیادی طور پر اس کے سائز پر منحصر ہے۔ چھوٹی پورٹیبل دوربینیں اکثر کیبن بیگیج کی ضروریات پوری کرتی ہیں اور کیبن میں لے جائی جا سکتی ہیں۔ بڑی دوربینیں کیبن سائز کی حدود سے تجاوز کریں گی اور انہیں کارگو کے طور پر چیک کرنا ضروری ہوگا۔ اگر آپ کی دوربین قیمتی ہے تو اسے بورڈ پر لے جائیں۔ اچھی طرح پیڈڈ کیرینگ کیس استعمال کریں۔","آپٹیکل گیئر | Auto-generated"
"166","میرا بیگ بالکل 23 کلو ہے، کیا وہ اسے قبول کریں گے۔ براہِ کرم؟","ur","baggage","departure","{}","جی ہاں، اگر آپ کا بیگ بالکل 23 کلوگرام ہے تو یہ بغیر کسی اضافی بیگیج چارجز کے قبول کیا جائے گا۔ 23 کلوگرام زیادہ تر ایئرلائنز پر اکانومی کلاس کے لیے معیاری چیک شدہ بیگیج وزن کی حد ہے۔ تاہم، یاد رکھیں کہ حد سے صرف 0.5 کلوگرام یا 1 کلوگرام زیادہ ہونا بھی اضافی بیگیج فیس کا سبب بن سکتا ہے۔ اگر آپ حد کے قریب ہیں تو اپنے بھاری اشیاء پہن لیں یا کچھ چیزیں کیبن بیگیج میں منتقل کریں۔","بالکل وزن | Auto-generated"
"167","کیا میں اپنے رشتہ داروں کے لیے کراچی کا مشہور سوہن حلوہ لا سکتا ہوں۔ براہِ کرم؟","ur","baggage","departure","{""item"":""sweets""}","جی ہاں، آپ کراچی کا مشہور سوہن حلوہ، ملتانی سوہن حلوہ، یا کوئی بھی مقامی مٹھائی اپنے چیک شدہ بیگیج اور کیبن بیگیج دونوں میں لا سکتے ہیں۔ روایتی مٹھائیاں پاکستانی مسافروں کی طرف سے سب سے زیادہ منتقل کی جانے والی اشیاء میں سے ہیں۔ سوہن حلوہ اور اسی طرح کی خشک مٹھائیاں مائعات کے طور پر شمار نہیں ہوتیں۔ چیک شدہ بیگیج کے لیے، مٹھائیوں کو ان کے اصل باکسز یا محفوظ کنٹینرز میں پیک کریں۔","مقامی مٹھائیاں | Auto-generated"
"168","میری پی آئی اے پرواز کل منسوخ ہو گئی تھی، کیا میں پرانے بیگیج ٹیگ استعمال کر سکتا ہوں؟ براہِ کرم تصدیق کریں۔","ur","baggage","departure","{""issue"":""canceled flight""}","نہیں، آپ منسوخ شدہ پرواز کے بیگیج ٹیگ استعمال نہیں کر سکتے۔ جب پرواز منسوخ یا دوبارہ شیڈول کی جاتی ہے تو تمام بیگیج ٹیگ غیر معتبر ہو جاتے ہیں۔ ہر بیگیج ٹیگ میں ایک خاص پرواز نمبر، تاریخ، منزل، اور روانگی کے وقت سے جڑی مخصوص بارکوڈڈ معلومات ہوتی ہیں۔ جب آپ اپنی دوبارہ شیڈول شدہ پرواز کے لیے ایئرپورٹ پہنچیں تو اپنے سامان، نئی بکنگ کی تصدیق، اور شناخت کے ساتھ پی آئی اے چیک ان کاؤنٹر پر جائیں۔ چیک ان عملہ تازہ بیگیج ٹیگ جاری کرے گا۔","دوبارہ ٹیگنگ ضروری | Auto-generated"
"169","میں اپنی اشیاء کی حفاظت کے لیے ببل ریپ کہاں سے خرید سکتا ہوں؟ [69]","ur","baggage","departure","{""service"":""packing materials""}","بدقسمتی سے، اسلام آباد انٹرنیشنل ایئرپورٹ ٹرمینل ایریا میں ببل ریپ، فوم، یا پیڈنگ سپلائیز نہیں بیچتا۔ تاہم، آپ کے پاس کئی متبادل ہیں۔ سب سے آسان آپشن ڈیپارچر ہال میں چیک ان کاؤنٹرز کے قریب واقع پیشہ ورانہ بیگیج ریپنگ سروس ہے، جو آپ کے پورے سوٹ کیس کو صنعتی طاقت کے پلاسٹک ریپ میں لپیٹنے کے لیے 200-300 روپے وصول کرتی ہے۔ اندرونی کشننگ کے لیے، اگر آپ کے پاس ایئرپورٹ پہنچنے سے پہلے وقت ہے تو راولپنڈی یا اسلام آباد شہر میں سٹیشنری کی دکانوں سے ببل ریپ خریدیں۔","پیکنگ سپلائیز | Auto-generated"
"170","کیا میں اپنا الیکٹرک شیور کیبن بیگ میں رکھ سکتا ہوں۔ براہِ کرم؟","ur","baggage","departure","{""item"":""electric shaver""}","جی ہاں، الیکٹرک شیور، بیئرڈ ٹرمر، اور دیگر بیٹری سے چلنے والے گرومنگ ڈیوائسز کیبن بیگیج میں بغیر کسی پابندی کے مکمل طور پر جائز ہیں۔ یہ ذاتی نگہداشت کے الیکٹرانک آئٹمز خطرناک یا ممنوعہ سامان کے طور پر درجہ بند نہیں ہیں۔ اپنے شیور کو اپنے کیبن بیگ میں آسانی سے قابل رسائی رکھیں۔ اگر آپ کے شیور میں لیتھیم بیٹری ہے تو اسے درحقیقت کیبن بیگیج میں رہنا چاہیے نہ کہ چیک شدہ سامان میں۔","گرومنگ ٹولز | Auto-generated"
"171","میں پی آئی اے کے لیے کام کرتا ہوں، میرا عملے کا بیگیج الاؤنس کیا ہے۔ براہِ کرم؟","ur","baggage","departure","{""passenger"":""airline staff""}","پی آئی اے ملازم کے طور پر عملے کی ٹکٹوں یا آئی ڈی ٹریول پر سفر کرتے وقت، آپ کا بیگیج الاؤنس باقاعدہ مسافر الاؤنس سے مختلف ہے۔ عام طور پر، پی آئی اے عملے کے پاس زیادہ سخی الاؤنس ہوتے ہیں، لیکن عین وزن اور ٹکڑوں کی حدیں مختلف ہوتی ہیں۔ اپنی صورتحال کے لیے درست معلومات کے لیے، آپ کو پی آئی اے ملازم خدمات کے محکمے سے چیک کرنا چاہیے۔ اپنے عملے کے سفر کے لیے چیک ان کرتے وقت، اپنا پی آئی اے ملازم آئی ڈی کارڈ اپنی عملے کی ٹکٹ کے ساتھ چیک ان کاؤنٹر پر پیش کریں۔","عملے کے فوائد | Auto-generated"
"172","میں اپنی بہن کی شادی کے لیے سونے کے زیورات لے جا رہا ہوں، کیا پابندیاں ہیں؟ [72]","ur","baggage","departure","{""item"":""jewelry""}","آپ ذاتی یا خاندانی استعمال کے لیے سونے کے زیورات اور دیگر قیمتی زیورات جیسے شادی کے تحائف منتقل کر سکتے ہیں، لیکن اہم سیکیورٹی اور کسٹمز تحفظات ہیں۔ زیادہ سے زیادہ سیکیورٹی کے لیے، ہمیشہ مہنگے زیورات کو اپنے کیبن بیگیج میں لے جائیں نہ کہ چیک شدہ سامان میں۔ پاکستان کے اندر ملکی سفر کے لیے سونے کے زیورات کی مقدار پر کوئی پابندی نہیں ہے، لیکن بڑی مقداروں یا اعلیٰ قیمتوں کو خریداری کی رسیدوں یا خاندانی ملکیت کے ریکارڈ کے ساتھ دستاویز کیا جانا چاہیے۔","قیمتی زیورات | Auto-generated"
"173","میرے بیگ سے بریانی کی بو آ رہی ہے، کیا یہ مسئلہ ہے؟ براہِ کرم تصدیق کریں۔","ur","baggage","departure","{""issue"":""odor""}","آپ کے چیک شدہ بیگیج میں سیل شدہ کھانے کی اشیاء جیسے بریانی سے ہلکی خوراک کی بو عام طور پر قابل قبول ہے۔ تاہم، عملی تحفظات ہیں۔ تیز، تند بو جو بیگیج ہولڈ میں پھیل سکتی ہے اور دوسرے مسافروں کے سامان کو متاثر کر سکتی ہے، شائستگی سے بچنی چاہیے۔ اصل تشویش بو نہیں بلکہ یہ ہے کہ آیا کھانا مناسب طریقے سے سیل شدہ ہے اور ٹرانزٹ کے دوران لیک یا پھیلے گا نہیں۔ سخت، سیل شدہ پلاسٹک کنٹینرز استعمال کریں، اور انہیں احتیاط کے طور پر پلاسٹک بیگ میں ڈبل ریپ کریں۔","کھانے کی بو | Auto-generated"
"174","کیا میں اپنا طبلہ کیبن میں لے جا سکتا ہوں بجائے اسے چیک کرنے کے؟ براہِ کرم تصدیق کریں۔","ur","baggage","departure","{""item"":""tabla""}","جی ہاں، اگر آپ کا طبلہ معیاری کیبن بیگیج سائز کے طول و عرض میں فٹ ہوتا ہے اور 7 کلوگرام وزن کی حد سے تجاوز نہیں کرتا تو آپ اسے کیبن بیگیج کے طور پر لے جا سکتے ہیں۔ طبلہ، نسبتاً کمپیکٹ موسیقی کے آلے ہونے کے ناطے، اکثر ان ضروریات کو پورا کرتے ہیں خاص طور پر اگر مناسب فٹ شدہ نرم کیس میں لے جائے جائیں۔ موسیقی کے آلے قیمتی ہیں اور چیک شدہ بیگیج میں کھردرے ہینڈلنگ سے خراب ہو سکتے ہیں، اس لیے انہیں کیبن میں لے جانا درحقیقت بہت سے موسیقاروں کے لیے ترجیحی آپشن ہے۔","روایتی ساز | Auto-generated"
"175","میں نے ڈیوٹی فری پر عطر خریدا ہے، کیا یہ ہینڈ لگیج میں شمار ہوتا ہے؟ براہِ کرم تصدیق کریں۔","ur","baggage","departure","{""item"":""duty-free""}","نہیں، سیکیورٹی سے گزرنے کے بعد ایئرپورٹ ڈیوٹی فری کی دکانوں سے خریدی گئی اشیاء بشمول عطر، شراب، کاسمیٹکس، اور دیگر مصنوعات آپ کے باقاعدہ کیبن بیگیج الاؤنس میں شمار نہیں ہوتیں۔ یہ ڈیوٹی فری خریداریاں خاص سیل شدہ چھیڑ چھاڑ سے واضح بیگ میں آتی ہیں، اور آپ انہیں اپنے معیاری کیبن بیگیج اور ذاتی چیز کے ساتھ اضافی طور پر لے جا سکتے ہیں۔ یہ استثنیٰ اس لیے موجود ہے کیونکہ آپ نے یہ اشیاء ایئرپورٹ کے جراثیم سے پاک علاقے میں سیکیورٹی اسکریننگ کے بعد خریدیں، تو وہ پہلے ہی سیکیورٹی پروٹوکول سے گزر چکی ہیں۔","ڈیوٹی فری الگ | Auto-generated"
"176","میری پرواز صبح 5 بجے ہے، کیا میں ایک رات پہلے سامان چیک کر سکتا ہوں؟ براہِ کرم تصدیق کریں۔","ur","baggage","departure","{""service"":""early check-in""}","نہیں، اسلام آباد انٹرنیشنل ایئرپورٹ رات سے پہلے یا راتوں رات بیگیج چیک ان سروسز پیش نہیں کرتا۔ تمام سامان کو آپ کی پرواز کی روانگی کے اسی دن چیک ان کرنا ضروری ہے، چاہے پرواز کتنی ہی جلدی شیڈول کیوں نہ ہو۔ آپ کی 5 صبح کی پرواز کے لیے، چیک ان کاؤنٹرز عام طور پر بین الاقوامی پروازوں کے لیے روانگی سے 3 گھنٹے پہلے اور ملکی پروازوں کے لیے 2 گھنٹے پہلے کھلتے ہیں، یعنی آپ کی بین الاقوامی پرواز کے لیے تقریباً 2 صبح یا ملکی کے لیے 3 صبح۔ جی ہاں، اس کے لیے صبح سویرے ایئرپورٹ پہنچنا ضروری ہے، لیکن یہ دنیا بھر میں صبح سویرے کی پروازوں کے لیے معیاری طریقہ کار ہے۔","رات کو چیک ان نہیں | Auto-generated"
"177","میرے 5 سالہ بچے کا ایک چھوٹا اسکول بیگ ہے، کیا یہ الگ سے شمار ہوتا ہے؟ براہِ کرم تصدیق کریں۔","ur","baggage","departure","{""passenger"":""child""}","2 سال یا اس سے زیادہ عمر کے بچے جو خریدی گئی ٹکٹ پر سفر کر رہے ہیں ان کے پاس ان کی ٹکٹ کلاس کے مطابق اپنا الگ بیگیج الاؤنس ہوتا ہے، بالکل بڑوں کی طرح۔ تو آپ کے 5 سالہ بچے کا اپنا الگ چیک شدہ بیگیج الاؤنس ہے اور کیبن بیگیج الاؤنس ہے۔ ان کا چھوٹا اسکول بیگ ان کی ذاتی چیز یا کیبن بیگیج کے طور پر ان کے الاؤنس میں شمار ہوگا۔ عملی طور پر، اسلام آباد انٹرنیشنل ایئرپورٹ پر ایئرلائنز چھوٹے بچوں کی ذاتی اشیاء کے بارے میں عام طور پر لچکدار ہیں۔","بچوں کے بیگ | Auto-generated"
"178","میں ذیابیطس کا مریض ہوں، کیا میں انسولین کے انجیکشن ہینڈ لگیج میں لے جا سکتا ہوں۔ براہِ کرم؟","ur","baggage","departure","{""item"":""insulin""}","جی ہاں، ذیابیطس کے مریض مسافر انسولین، سرنجیں، انسولین پین، بلڈ گلوکوز مانیٹر، ٹیسٹ سٹرپس، لینسٹس، اور تمام دیگر ذیابیطس کی سپلائیز مقدار کی پابندیوں کے بغیر کیبن بیگیج میں لے جا سکتے ہیں۔ یہ ضروری طبی سپلائیز کے طور پر درجہ بند ہیں، اور ایئرپورٹس ان ادویات کی ضرورت رکھنے والے مسافروں کے لیے رہائش فراہم کرتے ہیں۔ انسولین درحقیقت کیبن بیگیج میں ہونی چاہیے نہ کہ چیک شدہ سامان میں کیونکہ کارگو ہولڈ کے درجہ حرارت کے اتار چڑھاؤ ممکنہ طور پر انسولین کی تاثیر کو نقصان پہنچا سکتے ہیں۔ اپنی ذیابیطس کی سپلائیز کو واضح کیس یا بیگ میں رکھیں۔","ذیابیطس کی سپلائیز | Auto-generated"
"179","میں اپنے سامان میں قیمتی اشیاء کے لیے کتنی قیمت ڈیکلیئر کر سکتا ہوں؟ [79]","ur","baggage","departure","{}","بین الاقوامی ہوا بازی قوانین کے تحت ایئرلائنز کی چیک شدہ بیگیج کے لیے معیاری ذمہ داری کی حد تقریباً 1,131 اسپیشل ڈرائنگ رائٹس ہے، جو تقریباً 1,500-1,700 امریکی ڈالر، یا موجودہ شرح مبادلہ پر تقریباً 400,000-450,000 پاکستانی روپے کے برابر ہے۔ یہ زیادہ سے زیادہ معاوضہ ہے جو آپ حاصل کر سکتے ہیں اگر آپ کا چیک شدہ بیگیج گم، خراب، یا تاخیر کا شکار ہو، چاہے مواد کی اصل قیمت کچھ بھی ہو۔ اہم بات یہ ہے کہ یہ حد فی مسافر لاگو ہوتی ہے، نہ کہ فی بیگ، اور یہ زیادہ سے زیادہ ہے - معاوضہ اس حد تک حقیقی دستاویزی نقصانات پر مبنی ہوتا ہے۔","ذمہ داری کی حدیں | Auto-generated"
"180","کیا میں چیک شدہ سامان میں دستاویزات کی فوٹو کاپیاں پیک کر سکتا ہوں۔ براہِ کرم؟","ur","baggage","departure","{""item"":""documents""}","جی ہاں، آپ چیک شدہ سامان میں دستاویزات کی فوٹو کاپیاں پیک کر سکتے ہیں، اور درحقیقت نقصان یا چوری کی صورت میں اہم دستاویزات کی بیک اپ کاپیاں اصل سے الگ رکھنا اچھا عمل ہے۔ تاہم، کبھی بھی چیک شدہ بیگیج میں اصل اہم دستاویزات پیک نہ کریں - ہمیشہ اپنے پاسپورٹ، قومی شناختی کارڈ، پرواز کی ٹکٹیں، بورڈنگ پاس، ٹریول انشورنس دستاویزات، ہوٹل بکنگز، طبی نسخے، کریڈٹ کارڈز، اور کسی بھی دوسرے اہم کاغذات کی اصل اپنے کیبن بیگیج میں رکھیں جہاں آپ کا براہ راست کنٹرول اور رسائی ہو۔ چیک شدہ بیگ کبھی کبھار گم، تاخیر، یا چوری ہو جاتے ہیں۔","دستاویز کی جگہ | Auto-generated"
"181","میرے ہائیکنگ بیک پیک میں دھاتی فریم ہے، کیا سیکیورٹی مجھے روکے گی؟ [81]","ur","baggage","departure","{""item"":""backpack""}","دھاتی فریم والا آپ کا ہائیکنگ بیک پیک اسلام آباد انٹرنیشنل ایئرپورٹ پر بغیر کسی مسئلے کے سیکیورٹی اسکریننگ سے گزر جائے گا، کیونکہ بیک پیک میں دھاتی فریم عام ہیں اور ممنوعہ اشیاء نہیں ہیں۔ ایکسرے مشینیں اور میٹل ڈٹیکٹر کافی نفیس ہیں کہ فریم جیسے ساختی دھاتی اجزاء اور ہتھیاروں جیسی ممنوعہ اشیاء کے درمیان فرق کر سکیں۔ تاہم، آپ کو اسکریننگ کے عمل میں قدرے زیادہ وقت لگنے کی توقع رکھنی چاہیے کیونکہ دھاتی فریم ایکسرے اسکرین پر نمایاں طور پر ظاہر ہوگا، اور سیکیورٹی افسران یہ یقینی بنانا چاہیں گے کہ یہ صرف بیک پیک فریم ہے۔","دھاتی فریم اسکریننگ | Auto-generated"
"182","کیا میں ملتان سے مٹی کے برتن چیک شدہ سامان میں لا سکتا ہوں؟ براہِ کرم تصدیق کریں۔","ur","baggage","departure","{""item"":""pottery""}","جی ہاں، آپ مٹی کے برتن، سیرامک اشیاء، اور روایتی ملتانی نیلے برتن چیک شدہ سامان میں منتقل کر سکتے ہیں، لیکن پیکنگ میں انتہائی احتیاط برتنی چاہیے کیونکہ یہ اشیاء بہت نازک ہیں اور بیگیج ہینڈلنگ کے دوران آسانی سے ٹوٹ جاتی ہیں۔ ملتانی برتن، ٹائل ورک، اور سیرامک کے ٹکڑوں جیسی پاکستانی دستکاری عام طور پر مسافروں کی طرف سے تحائف یا ذاتی اشیاء کے طور پر منتقل کی جاتی ہیں۔ ہر برتن کے ٹکڑے کو انفرادی طور پر ببل ریپ، فوم، یا موٹے کاغذ کی کئی تہوں میں لپیٹنا چاہیے۔ لپٹے ہوئے اشیاء کو اپنے سوٹ کیس کے بیچ میں نرم اشیاء جیسے کپڑوں سے گھیرے ہوئے رکھیں۔","نازک برتن | Auto-generated"
"183","بارش ہوئی اور میرا بیگ راستے میں گیلا ہو گیا، کیا وہ اسے قبول کریں گے؟ [83]","ur","baggage","departure","{""issue"":""wet baggage""}","جی ہاں، بارش سے قدرے گیلا سامان اسلام آباد انٹرنیشنل ایئرپورٹ پر چیک ان کے لیے قابل قبول ہے، کیونکہ ایئرپورٹ عملہ سمجھتا ہے کہ موسمی حالات بعض اوقات ایئرپورٹ تک نقل و حمل کے دوران سامان کو نم ہونے کا سبب بنتے ہیں۔ تاہم، چیک ان سے پہلے نمی کو دور کرنا آپ کے مفاد میں ہے۔ اگر بیرونی حصہ صرف نم ہے تو اسے تولیے یا کپڑے سے صاف کر دیں۔ اگر یہ بہت گیلا ہے تو چیک ان کاؤنٹرز کے قریب بیگیج ریپنگ سروس استعمال کرنے پر غور کریں۔ سب سے اہم تشویش آپ کے بیگ کے اندر کے مواد کی حفاظت ہے - فوری طور پر چیک کریں کہ پانی اندر داخل نہیں ہوا، خاص طور پر زپ اور سیم کے آس پاس۔","بارش سے گیلا بیگ | Auto-generated"
"184","میں لاہور کرکٹ بیٹ اور سٹمپس لے جانا چاہتا ہوں، کیا یہ جائز ہے؟ [84]","ur","baggage","departure","{""item"":""cricket equipment""}","جی ہاں، کرکٹ کے بیٹ، سٹمپس، پیڈز، ہیلمٹ، دستانے، اور حفاظتی گیئر سمیت کرکٹ کا سامان اسلام آباد سے لاہور یا کسی بھی دوسرے ملکی راستے پر چیک شدہ بیگیج میں منتقل کیا جا سکتا ہے، اور پاکستان کے کرکٹ کے جنون کو دیکھتے ہوئے یہ بہت عام ہے۔ آپ کا کرکٹ کا سامان آپ کے باقاعدہ چیک شدہ بیگیج وزن الاؤنس میں شمار ہوگا، تو اگر آپ کے پاس بیٹ، پیڈز، ہیلمٹ، دستانے، اور سٹمپس کے ساتھ مکمل کرکٹ کٹ بیگ ہے تو یہ کافی بھاری ہو سکتا ہے۔ کرکٹ کے بیٹ ممکنہ ہتھیار سمجھے جاتے ہیں اور کسی بھی حالت میں کیبن بیگیج میں نہیں لے جائے جا سکتے - انہیں چیک ان کرنا ضروری ہے۔","کرکٹ گیئر | Auto-generated"
"185","کیا میں 3 دن میں واپس آؤں گا تو اپنے بیگ یہاں چھوڑ سکتا ہوں؟ براہِ کرم تصدیق کریں۔","ur","baggage","departure","{""service"":""long-term storage""}","نہیں، اسلام آباد انٹرنیشنل ایئرپورٹ ان مسافروں کے لیے کئی دن یا طویل مدتی بیگیج اسٹوریج سہولیات پیش نہیں کرتا جو آگے سفر کر رہے ہیں اور بعد میں واپس آرہے ہیں۔ ایئرپورٹ پر دستیاب لیفٹ لگیج سروس صرف پرواز کی تاخیر، لے اوور، یا مختصر دوروں کے دوران اسی دن یا راتوں رات اسٹوریج کے لیے ڈیزائن کی گئی ہے، نہ کہ الگ سفروں کے درمیان کئی دنوں تک اسٹوریج کے لیے۔ 3 دن یا اس سے زیادہ کے لیے سامان اسٹور کرنے کے لیے، آپ کو راولپنڈی یا اسلام آباد شہر میں تجارتی اسٹوریج سہولیات استعمال کرنی ہوں گی۔ کچھ آپشنز میں سیلف اسٹوریج کمپنیاں شامل ہیں جو محفوظ لاکر سروسز پیش کرتی ہیں۔","طویل مدتی اسٹوریج نہیں | Auto-generated"
"186","میں اپنے ہاسٹل کے لیے الیکٹرک آئرن لے جا رہا ہوں، کیا میں اسے چیک کر سکتا ہوں۔ براہِ کرم؟","ur","baggage","departure","{""item"":""electric iron""}","جی ہاں، الیکٹرک آئرن اور دیگر گھریلو برقی آلات اسلام آباد انٹرنیشنل ایئرپورٹ پر چیک شدہ بیگیج میں مکمل طور پر جائز ہیں۔ طالب علم اور پیشہ ور افراد اکثر چھوٹے آلات جیسے آئرن، کیتلی، امرشن ہیٹر، اور پنکھے ہاسٹلز، یونیورسٹیوں، یا نئی رہائش میں منتقل ہوتے وقت منتقل کرتے ہیں۔ اپنے الیکٹرک آئرن کو چیک شدہ سامان میں پیک کرنے سے پہلے، یقینی بنائیں کہ اگر حال ہی میں استعمال ہوا تھا تو یہ مکمل طور پر ٹھنڈا ہو گیا ہے۔ بھاپ والے آئرن کے ذخیروں سے کوئی بھی پانی خالی کر دیں، کیونکہ پانی بیگیج ہینڈلنگ کے دوران لیک ہو سکتا ہے۔","الیکٹرک آئرن | Auto-generated"
"187","میرے کمپنی کے بیگ پر ہر جگہ لوگو اسٹیکرز ہیں، کیا یہ قابل قبول ہے۔ براہِ کرم؟","ur","baggage","departure","{}","جی ہاں، کمپنی کے لوگو، برانڈ اسٹیکرز، اور آرائشی لیبلز والا سامان مکمل طور پر قابل قبول ہے اور درحقیقت اسلام آباد انٹرنیشنل ایئرپورٹ پر کافی عام ہے۔ بہت سے مسافر اپنے بیگ کو ذاتی بنانے کے لیے اسٹیکرز استعمال کرتے ہیں، جو انہیں بیگیج کیروسل پر آسانی سے قابل شناخت بناتا ہے اور کسی دوسرے مسافر کی طرف سے غلطی سے آپ کا بیگ لے جانے کا امکان کم کرتا ہے کیونکہ بہت سے سوٹ کیس ایک جیسے لگتے ہیں۔ کارپوریشنز سے کمپنی برانڈڈ بیگ، واقعات سے پروموشنل بیگ، یا سفری اسٹیکرز سے ڈھکے ہوئے سامان سب ایئرپورٹس پر معیاری نظارے ہیں۔ واحد پابندی یہ ہوگی اگر اسٹیکرز یا لوگو میں جارحانہ مواد، نفرت کی علامات، یا نامناسب تصاویر ہوں۔","لوگو اسٹیکرز ٹھیک ہیں | Auto-generated"
"188","کیا میں اپنے چیک شدہ بیگ میں چڑھائی کی رسی اور کیربینر پیک کر سکتا ہوں؟ براہِ کرم تصدیق کریں۔","ur","baggage","departure","{""item"":""climbing equipment""}","جی ہاں، پہاڑی چڑھائی اور چٹان چڑھائی کا سامان بشمول رسیاں، کیربینر، ہارنس، بیلے ڈیوائسز، اسینڈرز، ڈیسینڈرز، اور چڑھائی کے جوتے پاکستانی ایئرپورٹس پر چیک شدہ بیگیج میں جائز ہیں۔ پاکستان میں ایک مضبوط کوہ پیمائی کمیونٹی ہے جس میں بہت سے کوہ پیما شمالی علاقوں جیسے گلگت بلتستان، ہنزہ، اور کے ٹو بیس کیمپ کی طرف جاتے ہیں، تو چڑھائی کا گیئر عام طور پر منتقل کیا جاتا ہے۔ آپ کا سامان آپ کے باقاعدہ چیک شدہ بیگیج وزن الاؤنس میں شمار ہوگا، اور چڑھائی کا گیئر خاص طور پر رسیوں کے ساتھ کافی بھاری ہو سکتا ہے۔ کیربینر جیسے دھاتی سامان کو احتیاط سے پیک کریں تاکہ وہ بیگ کے اندرونی حصے یا دیگر مواد کو نقصان نہ پہنچائیں۔","چڑھائی کا گیئر | Auto-generated"
"189","میں اسلام آباد سے پشاور کو منتقل ہو رہا ہوں، کیا میرا بیگ براہ راست جائے گا۔ براہِ کرم؟","ur","baggage","departure","{""flight_type"":""domestic connection""}","ایک ہی ایئرلائن پر پاکستان کے اندر منسلک ملکی پروازوں کے لیے، آپ کا چیک شدہ بیگیج عام طور پر براہ راست آپ کی آخری منزل تک چیک کیا جاتا ہے، یعنی آپ کو اسلام آباد میں اسے جمع کرنے اور دوبارہ چیک کرنے کی ضرورت نہیں ہوگی۔ جب آپ اپنے اصل شہر میں چیک ان کریں تو چیک ان ایجنٹ کو مطلع کریں کہ آپ کی منسلک پرواز ہے اور دونوں پرواز کی تفصیلات فراہم کریں - وہ آپ کے بیگ کو اسلام آباد کے راستے پشاور تک راستے کے لیبلز کے ساتھ ٹیگ کریں گے۔ آپ کو بیگیج کلیم ٹیگ ملیں گے اور عملے کو واضح طور پر تصدیق کرنی چاہیے کہ آپ کا بیگ آپ کی آخری منزل تک چیک کیا گیا ہے۔ تاہم، چیک ان پر اس کی واضح تصدیق کرنا ضروری ہے۔","ملکی منتقلی | Auto-generated"
"190","کیا میں اپنے ہینڈ لگیج میں سبز چائے اور جڑی بوٹیوں کی چائے لے جا سکتا ہوں؟ [90]","ur","baggage","departure","{""item"":""tea""}","جی ہاں، آپ اسلام آباد انٹرنیشنل ایئرپورٹ پر اپنے ہینڈ لگیج میں بغیر کسی پابندی کے سبز چائے، جڑی بوٹیوں کی چائے، سیاہ چائے، روایتی کشمیری کہوا، اور دیگر چائے کی مصنوعات لے جا سکتے ہیں۔ خشک شکل میں چائے - چاہے ڈھیلی چائے کی پتیاں، چائے کے بیگ، چائے کا پاؤڈر، یا خشک جڑی بوٹیاں ہوں - مائع یا محدود مادے کے طور پر درجہ بند نہیں ہے، تو معیاری بیگیج قوانین لاگو ہوتے ہیں۔ یہ اشیاء سیکیورٹی اسکریننگ سے آسانی سے گزرتی ہیں اور پاکستانی مسافروں کی طرف سے عام طور پر لے جائی جاتی ہیں جو اپنی پسندیدہ چائے کی برانڈز یا روایتی اقسام چاہتے ہیں جو ان کی منزل پر دستیاب نہیں ہو سکتیں۔","چائے کی مصنوعات | Auto-generated"
"191","میرے ہائیکنگ بیک پیک میں دھاتی فریم ہے، کیا سیکیورٹی مجھے روکے گی۔ براہِ کرم؟","ur","baggage","departure","{""item"":""backpack""}","دھاتی فریم والا آپ کا ہائیکنگ بیک پیک اسلام آباد انٹرنیشنل ایئرپورٹ پر بغیر کسی مسئلے کے سیکیورٹی اسکریننگ سے گزر جائے گا، کیونکہ بیک پیک میں دھاتی فریم عام ہیں اور ممنوعہ اشیاء نہیں ہیں۔ ایکسرے مشینیں اور میٹل ڈٹیکٹر کافی نفیس ہیں کہ فریم جیسے ساختی دھاتی اجزاء اور ہتھیاروں جیسی ممنوعہ اشیاء کے درمیان فرق کر سکیں۔ تاہم، آپ کو اسکریننگ کے عمل میں قدرے زیادہ وقت لگنے کی توقع رکھنی چاہیے کیونکہ دھاتی فریم ایکسرے اسکرین پر نمایاں طور پر ظاہر ہوگا، اور سیکیورٹی افسران یہ یقینی بنانا چاہیں گے کہ یہ صرف بیک پیک فریم ہے۔ اپنے بیک پیک کو اسکریننگ بیلٹ پر رکھتے وقت، اسے مکمل طور پر کھول دیں اور تمام بیرونی اور اندرونی جیبوں کو غیر زپ کریں تاکہ سیکیورٹی افسران کو ایکسرے امیج پر مواد کا واضح نظارہ ملے۔ اگر آپ کے بیک پیک میں متعدد کمپارٹمنٹ اور جیبیں ہیں تو انہیں کھولا چھوڑنے سے معائنہ تیز ہوتا ہے۔ بہت سے ٹریکر اور کوہ پیما اسلام آباد ایئرپورٹ کے ذریعے شمالی علاقوں کی طرف سفر کرتے ہیں، تو سیکیورٹی عملہ آؤٹ ڈور گیئر سے بخوبی واقف ہے۔","دھاتی فریم اسکریننگ | Auto-generated"
"192","کیا میں ملتان سے مٹی کے برتن چیک شدہ سامان میں لا سکتا ہوں۔ براہِ کرم؟","ur","baggage","departure","{""item"":""pottery""}","جی ہاں، آپ مٹی کے برتن، سیرامک اشیاء، اور روایتی ملتانی نیلے برتن چیک شدہ سامان میں منتقل کر سکتے ہیں، لیکن پیکنگ میں انتہائی احتیاط برتنی چاہیے کیونکہ یہ اشیاء بہت نازک ہیں اور بیگیج ہینڈلنگ کے دوران آسانی سے ٹوٹ جاتی ہیں۔ ملتانی برتن، ٹائل ورک، اور سیرامک کے ٹکڑوں جیسی پاکستانی دستکاری عام طور پر مسافروں کی طرف سے تحائف یا ذاتی اشیاء کے طور پر منتقل کی جاتی ہیں۔ ہر برتن کے ٹکڑے کو انفرادی طور پر ببل ریپ، فوم، یا موٹے کاغذ کی کئی تہوں میں لپیٹنا چاہیے۔ لپٹے ہوئے اشیاء کو اپنے سوٹ کیس کے بیچ میں نرم اشیاء جیسے کپڑوں سے گھیرے ہوئے رکھیں۔ سخت کنارے اور کونے سے دور رکھیں۔ اگر آپ متعدد برتن کے ٹکڑے لے جا رہے ہیں تو ہر ٹکڑے کے درمیان موٹا کشننگ رکھیں تاکہ وہ ایک دوسرے سے نہ ٹکرائیں۔ بڑے یا قیمتی ٹکڑوں کے لیے، پیشہ ورانہ بیگیج ریپنگ سروس استعمال کرنے پر غور کریں جو اضافی تحفظ کی تہہ فراہم کرتی ہے۔ یاد رکھیں کہ باوجود بہترین پیکنگ کے، نازک اشیاء کو ٹرانزٹ میں نقصان ہو سکتا ہے، تو واقعی قیمتی یا بے قیمت ٹکڑوں کو کیبن بیگیج میں لے جانا بہتر ہو سکتا ہے اگر سائز اجازت دیتا ہے۔","نازک برتن | Auto-generated"
"193","بارش ہوئی اور میرا بیگ راستے میں گیلا ہو گیا، کیا وہ اسے قبول کریں گے؟ [93]","ur","baggage","departure","{""issue"":""wet baggage""}","جی ہاں، بارش سے قدرے گیلا سامان اسلام آباد انٹرنیشنل ایئرپورٹ پر چیک ان کے لیے قابل قبول ہے، کیونکہ ایئرپورٹ عملہ سمجھتا ہے کہ موسمی حالات بعض اوقات ایئرپورٹ تک نقل و حمل کے دوران سامان کو نم ہونے کا سبب بنتے ہیں، خاص طور پر اسلام آباد راولپنڈی علاقے میں جہاں بارش اچانک آ سکتی ہے۔ تاہم، چیک ان سے پہلے نمی کو دور کرنا آپ کے مفاد میں ہے۔ اگر بیرونی حصہ صرف نم ہے تو اسے تولیے یا کپڑے سے صاف کر دیں۔ اگر یہ بہت گیلا ہے تو چیک ان کاؤنٹرز کے قریب بیگیج ریپنگ سروس استعمال کرنے پر غور کریں، جو نمی کو بند کر دے گی اور پرواز کے دوران آپ کے بیگ کے خشک ہونے میں مدد کرے گی۔ سب سے اہم تشویش آپ کے بیگ کے اندر کے مواد کی حفاظت ہے - فوری طور پر چیک کریں کہ پانی اندر داخل نہیں ہوا، خاص طور پر زپ اور سیم کے آس پاس۔ اگر آپ کے پاس الیکٹرانکس، کاغذی دستاویزات، یا نمی سے حساس اشیاء ہیں اور انہیں نمی لگی ہے تو فوری طور پر انہیں نکال دیں اور کیبن بیگیج میں منتقل کر دیں۔ مستقبل کی روک تھام کے لیے، واٹر پروف بیگ کور یا بڑے پلاسٹک بیگ لے جانے پر غور کریں۔","بارش سے گیلا بیگ | Auto-generated"
"194","میں لاہور کرکٹ بیٹ اور سٹمپس لے جانا چاہتا ہوں، کیا یہ جائز ہے؟ براہِ کرم تصدیق کریں۔","ur","baggage","departure","{""item"":""cricket equipment""}","جی ہاں، کرکٹ کے بیٹ، سٹمپس، پیڈز، ہیلمٹ، دستانے، اور حفاظتی گیئر سمیت کرکٹ کا سامان اسلام آباد سے لاہور یا کسی بھی دوسرے ملکی راستے پر چیک شدہ بیگیج میں منتقل کیا جا سکتا ہے، اور پاکستان کے کرکٹ کے جنون کو دیکھتے ہوئے یہ بہت عام ہے۔ آپ کا کرکٹ کا سامان آپ کے باقاعدہ چیک شدہ بیگیج وزن الاؤنس میں شمار ہوگا، تو اگر آپ کے پاس بیٹ، پیڈز، ہیلمٹ، دستانے، اور سٹمپس کے ساتھ مکمل کرکٹ کٹ بیگ ہے تو یہ کافی بھاری ہو سکتا ہے - چیک ان سے پہلے اپنے بیگ کا وزن کریں۔ کرکٹ کے بیٹ ممکنہ ہتھیار سمجھے جاتے ہیں اور کسی بھی حالت میں کیبن بیگیج میں نہیں لے جائے جا سکتے - انہیں چیک ان کرنا ضروری ہے۔ سٹمپس، چونکہ وہ لکڑی کے ڈنڈے ہیں، بھی چیک شدہ بیگیج میں ہونے چاہیے۔ پیڈز، دستانے، اور دیگر نرم حفاظتی سامان کو تکنیکی طور پر کیبن بیگیج میں لے جایا جا سکتا ہے لیکن عام طور پر باقی گیئر کے ساتھ چیک کیا جاتا ہے۔ قیمتی سائن شدہ بیٹوں کے لیے، انہیں ببل ریپ میں محفوظ طریقے سے لپیٹنے پر غور کریں اور اگر ممکن ہو تو اضافی بیگیج انشورنس خریدیں۔","کرکٹ گیئر | Auto-generated"
"195","کیا میں 3 دن میں واپس آؤں گا تو اپنے بیگ یہاں چھوڑ سکتا ہوں؟ [95]","ur","baggage","departure","{""service"":""long-term storage""}","نہیں، اسلام آباد انٹرنیشنل ایئرپورٹ ان مسافروں کے لیے کئی دن یا طویل مدتی بیگیج اسٹوریج سہولیات پیش نہیں کرتا جو آگے سفر کر رہے ہیں اور بعد میں واپس آرہے ہیں۔ ایئرپورٹ پر دستیاب لیفٹ لگیج سروس صرف پرواز کی تاخیر، لے اوور، یا مختصر دوروں کے دوران اسی دن یا راتوں رات اسٹوریج کے لیے ڈیزائن کی گئی ہے، نہ کہ الگ سفروں کے درمیان کئی دنوں تک اسٹوریج کے لیے۔ 3 دن یا اس سے زیادہ کے لیے سامان اسٹور کرنے کے لیے، آپ کو راولپنڈی یا اسلام آباد شہر میں تجارتی اسٹوریج سہولیات استعمال کرنی ہوں گی۔ کچھ آپشنز میں سیلف اسٹوریج کمپنیاں شامل ہیں جو محفوظ لاکر سروسز پیش کرتی ہیں، یا کچھ ہوٹل اپنے مہمانوں کے لیے لگیج اسٹوریج کی اجازت دیتے ہیں۔ متبادل طور پر، اگر آپ کے اسلام آباد یا راولپنڈی میں دوست یا رشتہ دار ہیں تو آپ اپنا سامان عارضی طور پر ان کے پاس چھوڑ سکتے ہیں۔ مستقبل کے سفروں کے لیے، بہتر ہے کہ صرف اپنے ساتھ ضروری سامان لیں اور بڑے بیگ گھر یا قابل اعتماد جگہ پر چھوڑ دیں۔","طویل مدتی اسٹوریج نہیں | Auto-generated"
"196","میں اپنے ہاسٹل کے لیے الیکٹرک آئرن لے جا رہا ہوں، کیا میں اسے چیک کر سکتا ہوں؟ [96]","ur","baggage","departure","{""item"":""electric iron""}","جی ہاں، الیکٹرک آئرن اور دیگر گھریلو برقی آلات اسلام آباد انٹرنیشنل ایئرپورٹ پر چیک شدہ بیگیج میں مکمل طور پر جائز ہیں۔ طالب علم اور پیشہ ور افراد اکثر چھوٹے آلات جیسے آئرن، کیتلی، امرشن ہیٹر، اور پنکھے ہاسٹلز، یونیورسٹیوں، یا نئی رہائش میں منتقل ہوتے وقت منتقل کرتے ہیں۔ اپنے الیکٹرک آئرن کو چیک شدہ سامان میں پیک کرنے سے پہلے، یقینی بنائیں کہ اگر حال ہی میں استعمال ہوا تھا تو یہ مکمل طور پر ٹھنڈا ہو گیا ہے۔ بھاپ والے آئرن کے ذخیروں سے کوئی بھی پانی خالی کر دیں، کیونکہ پانی بیگیج ہینڈلنگ کے دوران لیک ہو سکتا ہے اور آپ کے کپڑوں یا دیگر اشیاء کو نقصان پہنچا سکتا ہے۔ پاور کورڈ کو آئرن کے اردگرد احتیاط سے لپیٹیں اور اگر ممکن ہو تو اسے اس کے اصل باکس میں پیک کریں، یا اسے کپڑوں یا تولیوں میں لپیٹیں تاکہ اضافی کشننگ فراہم کی جا سکے۔ اگر آئرن کی نوک تیز ہے تو اسے اس طرح پیک کریں کہ یہ بیگ کے کپڑے یا دیگر اشیاء میں سوراخ نہ کرے۔ آئرن وزنی اشیاء ہیں تو اس کے وزن پر غور کریں جب آپ اپنے مجموعی بیگیج الاؤنس کا حساب لگائیں۔","الیکٹرک آئرن | Auto-generated"
"197","میرے کمپنی کے بیگ پر ہر جگہ لوگو اسٹیکرز ہیں، کیا یہ قابل قبول ہے۔ براہِ کرم؟ [97]","ur","baggage","departure","{}","جی ہاں، کمپنی کے لوگو، برانڈ اسٹیکرز، اور آرائشی لیبلز والا سامان مکمل طور پر قابل قبول ہے اور درحقیقت اسلام آباد انٹرنیشنل ایئرپورٹ پر کافی عام ہے۔ بہت سے مسافر اپنے بیگ کو ذاتی بنانے کے لیے اسٹیکرز استعمال کرتے ہیں، جو انہیں بیگیج کیروسل پر آسانی سے قابل شناخت بناتا ہے اور کسی دوسرے مسافر کی طرف سے غلطی سے آپ کا بیگ لے جانے کا امکان کم کرتا ہے کیونکہ بہت سے سوٹ کیس ایک جیسے لگتے ہیں۔ کارپوریشنز سے کمپنی برانڈڈ بیگ، واقعات سے پروموشنل بیگ، یا سفری اسٹیکرز سے ڈھکے ہوئے سامان سب ایئرپورٹس پر معیاری نظارے ہیں۔ واحد پابندی یہ ہوگی اگر اسٹیکرز یا لوگو میں جارحانہ مواد، نفرت کی علامات، یا نامناسب تصاویر ہوں، جس صورت میں سیکیورٹی یا ایئرلائن عملہ آپ کو بیگ کو بورڈ کرنے سے پہلے جارحانہ اسٹیکرز ہٹانے کے لیے کہہ سکتا ہے۔ عام کمپنی کے لوگو، سفری منزل اسٹیکرز، یونیورسٹی کے لیبلز، اور برانڈ مارکنگ بالکل ٹھیک ہیں اور درحقیقت آپ کے بیگ کو مخصوص اور تلاش کرنے میں آسان بناتی ہیں۔ کچھ مسافر جان بوجھ کر اپنے بیگ کو رنگین ٹیپ، ربن، یا کئی اسٹیکرز سے نمایاں بناتے ہیں تاکہ بیگیج کلیم پر فوری شناخت ہو سکے۔","لوگو اسٹیکرز ٹھیک ہیں | Auto-generated"
"198","کیا میں اپنے چیک شدہ بیگ میں چڑھائی کی رسی اور کیربینر پیک کر سکتا ہوں۔ براہِ کرم؟","ur","baggage","departure","{""item"":""climbing equipment""}","جی ہاں، پہاڑی چڑھائی اور چٹان چڑھائی کا سامان بشمول رسیاں، کیربینر، ہارنس، بیلے ڈیوائسز، اسینڈرز، ڈیسینڈرز، اور چڑھائی کے جوتے پاکستانی ایئرپورٹس پر چیک شدہ بیگیج میں جائز ہیں۔ پاکستان میں ایک مضبوط کوہ پیمائی کمیونٹی ہے جس میں بہت سے کوہ پیما شمالی علاقوں جیسے گلگت بلتستان، ہنزہ، اور کے ٹو بیس کیمپ کی طرف جاتے ہیں، تو چڑھائی کا گیئر عام طور پر منتقل کیا جاتا ہے۔ آپ کا سامان آپ کے باقاعدہ چیک شدہ بیگیج وزن الاؤنس میں شمار ہوگا، اور چڑھائی کا گیئر خاص طور پر رسیوں کے ساتھ کافی بھاری ہو سکتا ہے۔ کیربینر جیسے دھاتی سامان کو احتیاط سے پیک کریں تاکہ وہ بیگ کے اندرونی حصے یا دیگر مواد کو نقصان نہ پہنچائیں۔ رسیوں کو صاف طریقے سے کنڈلی بنائیں اور انہیں محفوظ کریں۔ تیز اشیاء جیسے آئس ایکسز، کریمپنز، اور چڑھائی کے پیگ کو بہت احتیاط سے پیک کرنا چاہیے - ان کے تیز نکات کو شیتھ یا لپیٹ دیں اور انہیں اس طرح پیک کریں کہ وہ بیگ میں سوراخ نہ کر سکیں یا دیگر اشیاء کو نقصان نہ پہنچائیں۔ کچھ ایئرلائنز سپورٹس ایکوئپمنٹ الاؤنس پیش کرتی ہیں یا چڑھائی کے گیئر کے لیے الاؤنس میں اضافہ کرتی ہیں - یہ چیک کرنے کے لیے اپنی ایئرلائن سے رابطہ کریں۔","چڑھائی کا گیئر | Auto-generated"
"199","میں اسلام آباد سے پشاور کو منتقل ہو رہا ہوں، کیا میرا بیگ براہ راست جائے گا؟ براہِ کرم تصدیق کریں۔","ur","baggage","departure","{""flight_type"":""domestic connection""}","ایک ہی ایئرلائن پر پاکستان کے اندر منسلک ملکی پروازوں کے لیے، آپ کا چیک شدہ بیگیج عام طور پر براہ راست آپ کی آخری منزل تک چیک کیا جاتا ہے، یعنی آپ کو اسلام آباد میں اسے جمع کرنے اور دوبارہ چیک کرنے کی ضرورت نہیں ہوگی۔ جب آپ اپنے اصل شہر میں چیک ان کریں تو چیک ان ایجنٹ کو مطلع کریں کہ آپ کی منسلک پرواز ہے اور دونوں پرواز کی تفصیلات فراہم کریں - وہ آپ کے بیگ کو اسلام آباد کے راستے پشاور تک راستے کے لیبلز کے ساتھ ٹیگ کریں گے۔ آپ کو بیگیج کلیم ٹیگ ملیں گے اور عملے کو واضح طور پر تصدیق کرنی چاہیے کہ آپ کا بیگ آپ کی آخری منزل تک چیک کیا گیا ہے۔ تاہم، چیک ان پر اس کی واضح تصدیق کرنا ضروری ہے۔ اگر آپ مختلف ایئرلائنز کے ساتھ سفر کر رہے ہیں یا اگر آپ نے الگ الگ ٹکٹ بک کیے ہیں تو آپ کو اسلام آباد میں اپنا بیگ جمع کرنا، کسٹمز اور امیگریشن سے گزرنا اگر بین الاقوامی ہے، اور پھر پشاور کی پرواز کے لیے دوبارہ چیک ان کرنا ہوگا۔ یقینی بنائیں کہ آپ کے پاس پروازوں کے درمیان کافی وقت ہے - ملکی کنکشنز کے لیے کم از کم 2 گھنٹے کی سفارش کی جاتی ہے۔","ملکی منتقلی | Auto-generated"
"200","کیا میں اپنے ہینڈ لگیج میں سبز چائے اور جڑی بوٹیوں کی چائے لے جا سکتا ہوں؟ براہِ کرم تصدیق کریں۔","ur","baggage","departure","{""item"":""tea""}","جی ہاں، آپ اسلام آباد انٹرنیشنل ایئرپورٹ پر اپنے ہینڈ لگیج میں بغیر کسی پابندی کے سبز چائے، جڑی بوٹیوں کی چائے، سیاہ چائے، روایتی کشمیری کہوا، اور دیگر چائے کی مصنوعات لے جا سکتے ہیں۔ خشک شکل میں چائے - چاہے ڈھیلی چائے کی پتیاں، چائے کے بیگ، چائے کا پاؤڈر، یا خشک جڑی بوٹیاں ہوں - مائع یا محدود مادے کے طور پر درجہ بند نہیں ہے، تو معیاری بیگیج قوانین لاگو ہوتے ہیں۔ یہ اشیاء سیکیورٹی اسکریننگ سے آسانی سے گزرتی ہیں اور پاکستانی مسافروں کی طرف سے عام طور پر لے جائی جاتی ہیں جو اپنی پسندیدہ چائے کی برانڈز یا روایتی اقسام چاہتے ہیں جو ان کی منزل پر دستیاب نہیں ہو سکتیں۔ چائے کو اس کی اصل پیکیجنگ میں رکھنا بہترین ہے کیونکہ یہ مواد کی شناخت کو آسان بناتا ہے۔ اگر آپ بڑی مقدار میں یا ڈھیلی چائے کی پتیاں لے جا رہے ہیں تو انہیں سیل شدہ، واضح بیگ یا کنٹینرز میں پیک کرنے پر غور کریں۔ یاد رکھیں کہ اگر آپ بین الاقوامی طور پر سفر کر رہے ہیں تو آپ کی منزل کی سرزمین میں خوراک اور زرعی مصنوعات کی درآمد پر اپنی پابندیاں ہو سکتی ہیں، تو پہنچنے سے پہلے چیک کریں۔","چائے کی مصنوعات | Auto-generated"
