ID,Question,Answer,intent,terminal,language
1,Meri flight ka status kahan check kar sakta hoon?,Aap apni flight ka status main departure screen par dekh sakte hain ya airline counter se maloom kar sakte hain. Agar aap mujhe flight number batayen to main abhi check kar sakta hoon.,flight_info,departure,roman
2,PIA ki Karachi jane wali flight PK301 time par hai?,"Haan, PIA flight PK301 Karachi ke liye waqt par ravana hogi. Boarding flight ke 45 minutes pehle shuru ho jati hai.",flight_info,departure,roman
3,Dubai ki flight late hai kya?,"Haan, Emirates ki Dubai wali flight takreeban 30 minutes delay hai. Gate 8 ke paas rahein, jald hi announcement hogi.",flight_info,departure,roman
4,Air Sial ka check-in counter kahan hai?,Air Sial ka check-in counter entrance number 3 ke paas hai. Counter 5 se 8 tak Air Sial staff available hai.,flight_info,departure,roman
5,Mujhe flight se kitni der pehle airport pohanchna chahiye?,Domestic flights ke liye 2 ghante pehle aur international flights ke liye kam az kam 3 ghante pehle pohanchna behtar hai.,flight_info,departure,roman
6,Serene Air ki Lahore flight boarding par hai?,"Haan, Serene Air flight ER502 Lahore ke liye gate 6 par boarding par hai. Boarding pass aur ID ready rakhein.",flight_info,departure,roman
7,Aaj ki departure flights ka schedule kahan milta hai?,Aap departure hall mein digital screens par ya apni airline app se schedule dekh sakte hain.,flight_info,departure,roman
8,Jeddah ki flight time par ja rahi hai?,"Haan, Saudi Airlines ki flight Jeddah ke liye apne schedule ke mutabiq ravana hogi. Boarding gate 10 se shuru hogi.",flight_info,departure,roman
9,Domestic flight ke liye baggage limit kitni hai?,Aksar airlines domestic flights ke liye 20 kg check-in aur 7 kg hand carry allow karti hain. Airline se confirm kar lein.,flight_info,departure,roman
10,Qatar Airways ka online check-in available hai?,"Haan, Qatar Airways app aur website dono par online check-in ki sahulat hai. Aap boarding pass ghar se print kar sakte hain.",flight_info,departure,roman
11,Fly Jinnah ka counter kahan hai?,Fly Jinnah ka counter departure hall ke left side par gate 2 ke paas hai.,flight_info,departure,roman
12,Lahore wali flight nikal gayi hai kya?,"Haan, Lahore wali flight kuch minute pehle depart ho chuki hai. Rebooking ke liye apni airline counter par jaayein.",flight_info,departure,roman
13,Doha ki flight delay hai kya?,"Haan, Qatar Airways ki flight Doha ke liye 15 minute delay hai. Naya departure time 10:15 pm hai.",flight_info,departure,roman
14,Agar meri flight cancel ho jaye to kya karun?,Agar flight cancel ho jaye to apni airline ke help desk par jaayein. Wo aapko new flight ya refund mein madad karenge.,flight_info,departure,roman
15,Mera gate number kahan likha hota hai?,Gate number aapke boarding pass par likha hota hai aur screen par bhi update hota hai.,flight_info,departure,roman
16,Turkish Airlines ki Istanbul flight boarding par hai?,"Haan, Turkish Airlines flight TK711 15 minutes mein boarding start karegi. Gate 9 ke paas rahein.",flight_info,departure,roman
17,Kya extra luggage le ja sakta hoon?,"Haan, extra luggage le ja sakte hain agar aap extra fee pay karein. Payment counter par hoti hai.",flight_info,departure,roman
18,Gilgit wali flight chal rahi hai kya?,"Haan, Gilgit wali flight weather conditions ke mutabiq schedule par hai. Aaj chalne ki umeed hai.",flight_info,departure,roman
19,Flight delay ka update kahan milta hai?,Digital screens aur loudspeaker announcements ke zariye delay updates diye jaate hain.,flight_info,departure,roman
20,Aaj Riyadh ke liye flight hai?,"Haan, PIA aur Saudi Airlines dono ke flights shaam ko Riyadh ke liye scheduled hain.",flight_info,departure,roman
21,Boarding pass kahan se milta hai?,Airline ke check-in counter par ID aur ticket dikhakar boarding pass le sakte hain.,flight_info,departure,roman
22,Subha ki Karachi flight hai kya?,"Haan, subha 6:30 par PIA aur 7:00 par Airblue ki flights Karachi ke liye ja rahi hain.",flight_info,departure,roman
23,Gate number confirm kaise hoga?,"Gate number boarding pass par hota hai, agar change ho to screen par update hota hai.",flight_info,departure,roman
24,Flight delay ki maloomat kaise milegi?,Airline app ya departure hall screens par flight delay updates milte hain.,flight_info,departure,roman
25,Aaj London ke liye flight hai kya?,"Haan, British Airways ki flight aaj raat London ke liye ja rahi hai. Boarding ek ghanta pehle gate 9 se start hoti hai.",flight_info,departure,roman
26,“Boarding soon” ka kya matlab hai?,“Boarding soon” ka matlab hai ke boarding 10 se 15 minutes mein shuru hone wali hai.,flight_info,departure,roman
27,Flight number kahan likha hota hai?,Flight number aapke ticket aur confirmation SMS par likha hota hai.,flight_info,departure,roman
28,Meri flight time par hai kya?,"Haan, abhi tak sab flights apne schedule ke mutabiq time par hain.",flight_info,departure,roman
29,Kya mausam ki wajah se flight delay ho sakti hai?,"Abhi mausam clear hai, agar delay hua to turant announce kar diya jayega.",flight_info,departure,roman
30,Emirates flight EK613 kab boarding karegi?,Emirates flight EK613 Dubai ke liye departure se 45 minutes pehle gate 11 se boarding karegi.,flight_info,departure,roman
31,Quetta ke liye koi flight hai?,"Haan, Air Sial ki flight Quetta ke liye shaam 8:10 par ravana hogi.",flight_info,departure,roman
32,Airblue ki Karachi flight ka time kya hai?,Airblue flight PA203 shaam 5:45 par departure legi.,flight_info,departure,roman
33,Airline help desk kahan hai?,Airline help desks check-in counters ke bilkul samne located hain.,flight_info,departure,roman
34,Muscat wali flight ja chuki hai?,"Haan, Salam Air ki Muscat flight 20 minute pehle depart ho chuki hai.",flight_info,departure,roman
35,Agar main check-in ke liye late ho jaun to?,"Agar check-in band ho gaya ho to turant apni airline counter par jaayein, wo agle option batayenge.",flight_info,departure,roman
36,Meri flight cancel ya delay to nahi?,"Flight number batayein, main aapko latest status bata sakta hoon.",flight_info,departure,roman
37,Sharjah ki flight time par hai kya?,"Haan, Air Arabia ki Sharjah flight schedule ke mutabiq time par hai.",flight_info,departure,roman
38,Aaj Madinah ke liye flight hai kya?,"Haan, Saudi Airlines ki flight raat 11:45 par Madinah ke liye departure legi.",flight_info,departure,roman
39,Mera ticket valid hai ya nahi?,Ticket validity ke liye apni airline counter par check karwa sakte hain.,flight_info,departure,roman
40,Skardu ki flight ka time kya hai?,Skardu ki flight subha 8:20 par departure legi. Boarding gate 4 se shuru hoti hai.,flight_info,departure,roman
41,Flight ke announcements kahan hote hain?,Sab flight announcements loudspeakers par aur digital screens par diye jaate hain.,flight_info,departure,roman
42,Rescheduled flight ka update kaise milega?,Reschedule hone par airline SMS aur email ke zariye passenger ko inform karti hai.,flight_info,departure,roman
43,Kuala Lumpur ke liye flight hai kya?,"Haan, Malaysia Airlines ki flight raat 10:30 par Kuala Lumpur ke liye scheduled hai.",flight_info,departure,roman
44,Kya main flight ka time change kar sakta hoon?,"Haan, airline counter par request dene se aap flight timing change karwa sakte hain (charges apply).",flight_info,departure,roman
45,Abu Dhabi ke liye flight kis waqt hai?,Etihad Airways ki flight 2:15 pm par Abu Dhabi ke liye departure legi.,flight_info,departure,roman
46,Connecting flight ka time kaise maloom hoga?,Connecting flight ka time airline ke transfer desk par maloom hota hai.,flight_info,departure,roman
47,Mera flight number kahan likha hai?,Aapka flight number ticket aur boarding pass dono par likha hota hai.,flight_info,departure,roman
48,Kya kal subha Doha ke liye flight hai?,"Haan, kal subha 9:10 par Qatar Airways ki flight Doha ke liye scheduled hai.",flight_info,departure,roman
49,Kya main flight status online check kar sakta hoon?,"Haan, airline website par flight number dal kar real-time status dekh sakte hain.",flight_info,departure,roman
50,Flight announcements kab hote hain?,Flight ke announcements departure se 30 minutes pehle start hote hain. Gate ke paas rahein.,flight_info,departure,roman
51,Airport par boarding pass kaise hasil karein?,Aap online check-in karke boarding pass download kar sakte hain ya airport par airline counter se print karwa sakte hain. Apne ID proof aur booking details saath le kar jayein. Mobile boarding pass bhi kaam karta hai. Counter par line lagne ka time dhyan rakhein. Staff ki madad le sakte hain agar problem aaye. Boarding pass ko safe jagah rakhein.,flight_info,departure,roman
52,Checked-in luggage ke liye weight aur size limits kya hain?,"Har airline ka apna weight aur size limit hota hai, aam tor par 20-30 kg. Extra baggage par additional fee lagti hai. Luggage ko tag karein aur receipt safe rakhein. Heavy ya oversized luggage ke liye pehle airline ko inform karein. Airport par weighing scale par check hoga. Rules follow karne se boarding smooth hoti hai.",flight_info,departure,roman
53,Cabin baggage me allowed items kya hain?,"Cabin baggage me usually electronics, personal items aur small liquids allowed hote hain. Liquids 100 ml se zyada nahi hone chahiye aur transparent bag me hone chahiye. Sharp objects, weapons aur restricted items allowed nahi hote. Items ko tray me security check ke liye rakhna hota hai. Staff instructions follow karein.",flight_info,departure,roman
54,Airport par security check ka process kya hota hai?,Security check me bags x-ray machine se guzarte hain aur passengers metal detector se. Shoes aur belts nikalne ko kaha ja sakta hai. Liquids aur electronics separate tray me rakhna hota hai. Staff ki instructions strictly follow karein. Airport time par pohanchna aur documents ready rakhna zaruri hai.,flight_info,departure,roman
55,Flight ke delay hone par kya steps lene chahiye?,Airline staff ya display screens se latest update lein. Agar connecting flight miss ho rahi ho to airline se alternate arrangements discuss karein. Lounge ya waiting area me comfortable wait karein. Boarding gate announcements sunte rahen. Compensation policies ke liye airline ki website check karein.,flight_info,departure,roman
56,Gate par boarding ka process kaise hota hai?,"Gate par line me wait karein aur boarding pass ready rakhein. Priority boarding ke liye alag lane ho sakti hai. Staff apko announce karega jab boarding start ho. ID check aur scanning ke baad plane me entry hoti hai. Boarding time se late na ho, warna boarding miss ho sakti hai.",flight_info,departure,roman
57,Airport lounge use karne ke benefits kya hain?,"Lounge me comfortable seating, snacks, drinks aur Wi-Fi available hoti hai. Priority boarding aur quiet environment ka fayda milta hai. Membership ya certain ticket types par free access mil sakta hai. Lounge me announcements aur flight updates bhi available hote hain. Long waits me rest aur refreshment ka chance milta hai.",flight_info,departure,roman
58,Mobile boarding pass kaise use karein?,Airline app se boarding pass download karein. QR code gate par scan hoga. Screen brightness high rakhein taake easily scan ho jaye. Backup ke liye print copy rakhein. ID proof ready rakhein. Mobile ko airplane mode me rakhna zaruri hota hai take during flight.,flight_info,departure,roman
59,Flight me emergency exit seats kaise book karein?,"Airline website ya counter se exit row seats book kar sakte hain. Adults ke liye hoti hain, bacche aur special needs passengers ke liye restricted hoti hain. Additional legroom aur safety instructions milti hain. Flight attendants instructions follow karna mandatory hota hai. Boarding ke waqt staff se confirm karein.",flight_info,departure,roman
60,Airport par health protocols kya follow karne chahiye?,Masks aur sanitizer use karein. Social distancing maintain karein. Agar fever ya illness ho to airline ko inform karein. Security aur boarding area me hygiene guidelines follow karein. Travel documents aur health certificates ready rakhein. Safe aur comfortable departure ke liye planning zaruri hai.,flight_info,departure,roman
61,Flight ke liye online check-in kaise karein?,Airline website ya mobile app par login karein. Passenger details aur booking verify karein. Seat select karein aur boarding pass download karein. Online check-in 24-48 hours pehle open hota hai. Airport par direct luggage drop aur security ke liye ready rahen. Boarding pass safe jagah rakhein.,flight_info,departure,roman
62,Airport par taxi ya transport services kaise arrange karein?,Official airport taxi counters ya ride-sharing apps use karein. Fare aur route confirm karein. Airport par designated pickup area me wait karein. Staff aur signage follow karein. Time pe arrive hone ke liye plan karein. Safety aur convenience ke liye licensed transport prefer karein.,flight_info,departure,roman
63,Flight me kids ke liye special assistance kaise request karein?,"Airline ko advance inform karein. Wheelchair, stroller ya unaccompanied minor services request karein. Staff boarding aur luggage handling me help karega. Seat allocation aur meal preferences confirm karein. Boarding me priority milegi aur journey comfortable hogi.",flight_info,departure,roman
64,Flight ke liye baggage tag kaise lagayein?,Check-in counter se tags receive karein. Tag ko luggage handle me securely attach karein. Ensure karein ke barcode visible ho. Extra labels use kar sakte hain in case tag damage ho jaye. Boarding aur luggage tracking ke liye important hai.,flight_info,departure,roman
65,Flight ke delay ya cancellation par refund ya rebooking kaise milega?,Airline policies check karein. Customer service ya app se refund/rebooking request karein. Vouchers ya alternate flights available ho sakte hain. Documentation aur receipts ready rakhein. Airline announcements aur emails follow karein. Calm rahen aur instructions follow karein.,flight_info,departure,roman
66,Airport me duty-free shopping kaise karein?,Passport aur boarding pass ready rakhein. Purchase limits aur airline rules check karein. Liquids aur restricted items limits follow karein. Shopping bags check-in ya cabin me carry karne ka rule follow karein. Payment aur receipts safe rakhein. Boarding time ke liye plan karein.,flight_info,departure,roman
67,Airport me Wi-Fi use karne ke steps kya hain?,Airport Wi-Fi network select karein. Login ya sign-up page complete karein. Time-limited free access ya paid packages available hote hain. Personal data secure rakhein. Devices ko airplane mode me rakhna during flight zaruri hai. Connectivity announcements follow karein.,flight_info,departure,roman
68,Flight me seat selection tips kya hain?,Window ya aisle preference select karein. Exit rows aur legroom available check karein. Online check-in se better seats mil sakti hain. Special needs ya kids ke liye preferred seating request karein. Boarding ke waqt staff se verify karein. Comfortable aur convenient journey ke liye plan karein.,flight_info,departure,roman
69,Airport par baggage claim aur lost luggage procedure kya hai?,Arrival hall me baggage carousel check karein. Agar luggage missing ho to airline counter report karein. Receipt aur tag details ready rakhein. Staff form fill karne me assist karega. Claim process follow karen aur updates receive karen.,flight_info,departure,roman
70,Flight me onboard meal preferences kaise request karein?,"Airline booking ya app se meal preferences select karein. Special meals (vegetarian, vegan, allergy) request karein. Confirm boarding ke waqt seat number ke sath verify karein. Staff serve karega. Pre-planning se comfortable dining experience milega.",flight_info,departure,roman
71,Airport parking options aur charges kaise pata karein?,Short-term aur long-term parking options check karein. Airport website ya info desk se latest charges lein. Parking area aur shuttle services verify karein. Receipt aur ticket safe rakhein. Timing aur walking distance plan karein.,flight_info,departure,roman
72,Flight me in-flight entertainment kaise use karein?,Seat-back screens ya personal devices connect karein. Headphones use karein. Content options aur timings check karein. Staff instructions follow karein. Comfort aur leisure ke liye plan karein.,flight_info,departure,roman
73,Flight me pet travel ke rules kya hain?,Advance booking karein. Pet carrier airline standards ke mutabiq ho. Health certificates aur vaccination records ready rakhein. Cabin ya cargo rules follow karein. Staff instructions aur boarding timing check karein.,flight_info,departure,roman
74,Airport announcements aur display boards kaise follow karein?,"Gate number, boarding time aur updates ke liye screens aur speakers check karein. Mobile app notifications enable karein. Changes aur emergency info timely follow karein. Boarding smooth aur on-time hoti hai.",flight_info,departure,roman
75,Flight me carry-on luggage ka weight kaise check karein?,Airline website aur ticket info me limit check karein. Cabin scale ya check-in counter par weigh karwaein. Extra items par fee lag sakti hai. Security aur boarding time pe ready rakhein.,flight_info,departure,roman
76,Flight me seat belt aur safety instructions kyun follow karein?,Turbulence ya emergency situations me safety ke liye. Crew announcements aur safety card guide follow karein. Kids aur elders ke liye assist karein. Accidents aur injuries se bachne ke liye.,flight_info,departure,roman
77,Airport me boarding ke liye kitna time pehle pohanchna chahiye?,"Domestic flights ke liye 2 hours, international ke liye 3 hours pehle. Check-in, security aur boarding ke liye enough time plan karein. Documents aur boarding pass ready rakhein. Rush avoid karen.",flight_info,departure,roman
78,Flight me electronic devices ke rules kya hain?,Take-off aur landing me airplane mode on. Some devices may require switching off. Wi-Fi aur Bluetooth airline rules follow karein. Staff instructions strictly follow karein. Safety ensure hoti hai.,flight_info,departure,roman
79,Airport par connecting flight ke liye tips kya hain?,Arrival aur departure gates check karein. Transfer time ka calculation karein. Baggage transfer aur immigration process plan karein. Airline staff se guidance lein. Mobile app notifications enable karein.,flight_info,departure,roman
80,Flight me turbulence ke waqt kya karna chahiye?,Seat belt bandhe rakhein. Calm aur composed rahen. Staff instructions follow karein. Food aur drinks secure rakhein. Electronic devices safely handle karein.,flight_info,departure,roman
81,Airport me VIP services kaise avail karein?,"Membership, premium tickets ya airline packages se access milega. Lounge, fast-track security aur personal assistance available hote hain. Pre-book aur staff confirm karein.",flight_info,departure,roman
82,Flight me unaccompanied minors ke rules kya hain?,Airline ko advance inform karein. Staff escort aur supervision provide karega. Boarding aur deboarding me assistance milegi. Parent/guardian contact details ready rakhein. Safety ensure hoti hai.,flight_info,departure,roman
83,Airport me immigration aur customs process kya hai?,"Passport, visa aur customs declaration form ready rakhein. Lines follow karein aur documents present karein. Staff instructions strictly follow karein. Security aur rules comply karna zaruri hai.",flight_info,departure,roman
84,Flight me oxygen masks kaise use karein?,Emergency announcement par mask automatic deploy hote hain. Mask ko nose aur mouth cover karein. Strap adjust karein aur self pehle fit karein phir bachon ko help karein. Calm rahen.,flight_info,departure,roman
85,Airport par special assistance counters kaise locate karein?,"Signage aur info desks follow karein. Airline staff guide karega. Wheelchair, senior citizens aur disabled passengers ke liye assistance available hai. Prior request submit karein.",flight_info,departure,roman
86,Flight me carry-on liquids ke rules kya hain?,Har liquid 100 ml se kam. Transparent resealable bag me rakhein. Security check ke liye separate tray. Prohibited items avoid karein. Boarding smooth hoti hai.,flight_info,departure,roman
87,Airport me boarding gate change hone par kya karna chahiye?,Display boards aur announcements follow karein. Mobile notifications check karein. Staff se confirm karein. Time pe naya gate reach karein. Boarding smooth hoti hai.,flight_info,departure,roman
88,Flight me seat reclining aur comfort tips kya hain?,Seat belt bandhe rakhein. Recline gently aur neighbor ko disturb na karein. Pillow ya blanket use karein. Personal comfort maintain karein. Crew instructions follow karein.,flight_info,departure,roman
89,Airport par baggage wrapping aur safety tips kya hain?,Baggage wrapping counters use karein. Tags aur receipts attach karein. Sharp items secure karein. Security instructions follow karein. Damage aur theft se bachav hota hai.,flight_info,departure,roman
90,Flight me onboard announcements kaise follow karein?,Headphones ya seat speakers use karein. Staff instructions aur emergency info dhyan se sunain. Safety aur guidance ke liye announcements important hote hain.,flight_info,departure,roman
91,Airport par travel insurance kaise avail karein?,"Airline, travel agent ya online buy karein. Coverage aur terms check karein. Documents aur receipts safe rakhein. Emergencies me claims process follow karein.",flight_info,departure,roman
92,Flight me baby bassinet kaise request karein?,Airline ko advance inform karein. Staff allocate karega aur proper seat provide karega. Bedding aur safety check karein. Boarding ke waqt staff assist karega.,flight_info,departure,roman
93,Airport par currency exchange kaise karein?,Official counters ya kiosks use karein. Rates aur fees check karein. Passport aur boarding pass ready rakhein. Receipts save karein.,flight_info,departure,roman
94,Flight me in-flight Wi-Fi kaise use karein?,Airline Wi-Fi service activate karein. Login credentials enter karein. Payment ya free plan check karein. Devices safe rakhein.,flight_info,departure,roman
95,Airport par fast-track security kaise avail karein?,"Premium tickets, membership ya pay service se. Signage aur info desk se guidance lein. Documents ready rakhein. Queue fast-track lane me join karein.",flight_info,departure,roman
96,Flight me meal service ke options kya hain?,"Special meals, vegetarian, vegan aur allergy-friendly available. Booking ya online request karein. Confirm seat aur meal choice boarding ke waqt karein.",flight_info,departure,roman
97,Airport par shuttle services kaise use karein?,Shuttle counters ya info desk se schedule aur routes check karein. Boarding area aur timing confirm karein. Tickets ya passes ready rakhein. Safety aur convenience ke liye licensed service use karein.,flight_info,departure,roman
98,Flight me personal electronic devices kaise charge karein?,Power ports ya USB outlets check karein. Flight staff instructions follow karein. Devices secure rakhein. Battery backup ya portable charger saath rakhein.,flight_info,departure,roman
99,Airport par boarding ke liye priority lanes kaise use karein?,"Premium tickets, elderly, disabled ya families ke liye lanes. Signage aur staff guidance follow karein. Documents aur boarding pass ready rakhein. Efficient aur fast boarding ke liye use karein.",flight_info,departure,roman
100,Flight me seat allocation aur changes kaise request karein?,"Online check-in, airline website ya counter se. Special needs aur preferences inform karein. Confirm seat assignment boarding ke waqt verify karein. Staff assist karega. Comfortable journey ensure hoti hai.",flight_info,departure,roman
101,Airport par boarding ke liye documents kya chahiye?,"Passport ya national ID, visa agar international flight hai, aur boarding pass ready rakhein. Extra copies rakhein in case lost ho jayein. Airport counter par documents verify hote hain. Security check me documents ready hone se smooth boarding hoti hai. Airline staff instructions follow karein.",flight_info,departure,roman
102,Flight ke liye check-in counter par kaise approach karein?,Booking confirmation aur ID saath le kar counter par jaayein. Staff baggage check aur boarding pass provide karega. Lines aur timing ka dhyan rakhein. Online check-in ke baad luggage drop counter use karein. Staff ki instructions strictly follow karein.,flight_info,departure,roman
103,Cabin baggage me allowed electronics kya hain?,"Laptops, tablets, mobile phones aur cameras allowed hote hain. Security check ke liye separate tray me rakhna hota hai. Battery aur chargers guidelines follow karein. Sharp objects prohibited hote hain. Airline rules strictly follow karein.",flight_info,departure,roman
104,Flight me seat selection ke tips kya hain?,Window ya aisle preference select karein. Exit rows aur extra legroom options check karein. Special needs ya kids ke liye preferred seating request karein. Online check-in se better options mil sakti hain. Boarding ke waqt staff se confirm karein.,flight_info,departure,roman
105,Airport par security check me liquids kaise handle karein?,"Liquids 100 ml se kam, transparent resealable bag me rakhein. Security tray me alag se place karein. Prohibited items avoid karein. Staff instructions strictly follow karein. Smooth boarding ke liye ready rakhein.",flight_info,departure,roman
106,Flight me in-flight announcements kyun follow karna zaruri hai?,"Boarding, safety aur emergency info ke liye announcements important hain. Headphones ya seat-back speakers ka use karein. Staff instructions follow karein. Turbulence aur emergency situations me calm aur prepared rahna zaruri hai.",flight_info,departure,roman
107,Airport par priority boarding kaise avail karein?,"Premium ticket holders, elderly, disabled aur families ke liye. Signage aur staff guidance follow karein. Documents aur boarding pass ready rakhein. Efficient aur fast boarding ke liye lane join karein.",flight_info,departure,roman
108,Flight me turbulence ke waqt safety measures kya hain?,Seat belt bandhe rakhein. Calm aur composed rahen. Food aur drinks secure rakhein. Staff instructions follow karein. Emergency info aur personal belongings safe rakhein.,flight_info,departure,roman
109,Airport par baggage wrapping aur security tips kya hain?,Wrapping counters par luggage wrap karwa sakte hain. Tags aur receipts attach karein. Sharp items secure rakhein. Security aur airline instructions follow karein. Damage aur theft se protection milegi.,flight_info,departure,roman
110,Flight me oxygen masks kaise use karein?,"Emergency announcement par mask deploy hota hai. Nose aur mouth cover karein. Strap adjust karein aur self pehle fit karein, phir bachon ko help karein. Calm aur composed rahen. Staff instructions strictly follow karein.",flight_info,departure,roman
111,Flight me onboard meal preferences kaise request karein?,"Online booking ya app se special meals select karein. Allergy, vegetarian ya vegan options request karein. Seat aur meal confirm karein boarding ke waqt. Staff serve karega. Pre-planning se comfort milega.",flight_info,departure,roman
112,Airport me connecting flight ke liye tips kya hain?,Arrival aur departure gates check karein. Transfer time ka calculation karein. Baggage transfer aur immigration process plan karein. Staff se guidance lein. Mobile app notifications enable karein.,flight_info,departure,roman
113,Flight me personal electronic devices kaise charge karein?,Power ports ya USB outlets check karein. Staff instructions follow karein. Devices secure rakhein. Portable charger saath rakhein. Devices airplane mode me rakhein take safety ensure ho.,flight_info,departure,roman
114,Airport me shuttle services kaise use karein?,Shuttle counters ya info desk se schedule aur routes check karein. Boarding area aur timing confirm karein. Tickets ya passes ready rakhein. Safety aur convenience ke liye licensed service prefer karein.,flight_info,departure,roman
115,Flight me kids aur infants ke liye special assistance kaise request karein?,"Airline ko advance inform karein. Wheelchair, stroller ya unaccompanied minor services request karein. Boarding aur luggage handling me staff assist karega. Seat allocation aur meal preferences confirm karein. Comfortable aur safe journey ensure hoti hai.",flight_info,departure,roman
116,Airport par Wi-Fi kaise use karein?,Airport Wi-Fi network select karein. Login ya sign-up page complete karein. Free or paid packages available hote hain. Personal data secure rakhein. Devices airplane mode me rakhein during flight.,flight_info,departure,roman
117,Flight me pet travel ke rules kya hain?,Advance booking karein. Pet carrier airline standards ke mutabiq ho. Health certificates aur vaccination records ready rakhein. Cabin ya cargo rules follow karein. Staff assist karega. Boarding aur arrival instructions confirm karein.,flight_info,departure,roman
118,Airport me currency exchange kaise karein?,Official counters ya kiosks use karein. Rates aur fees check karein. Passport aur boarding pass ready rakhein. Receipts safe rakhein. Time aur queues plan karein.,flight_info,departure,roman
119,Flight me exit row ya emergency seats kaise book karein?,"Airline website ya counter se. Adults ke liye available, special needs ya kids restricted. Legroom aur safety info available. Staff instructions strictly follow karein. Boarding ke waqt verify karein.",flight_info,departure,roman
120,Airport me lounge kaise use karein?,"Membership, premium ticket ya airline packages se. Comfortable seating, snacks, drinks aur Wi-Fi available hote hain. Flight updates aur announcements available. Long waits me rest aur refreshment ka fayda. Staff assistance le sakte hain.",flight_info,departure,roman
121,Flight me onboard entertainment kaise use karein?,Seat-back screens ya personal devices connect karein. Headphones use karein. Content options aur timings check karein. Staff instructions follow karein. Leisure aur comfort ke liye plan karein.,flight_info,departure,roman
122,Flight me carry-on luggage ke rules kya hain?,Weight aur size limit airline rules ke mutabiq. Extra items par fees. Security aur boarding ke liye ready rakhein. Liquids aur prohibited items restrictions follow karein. Smooth boarding ke liye plan karein.,flight_info,departure,roman
123,Airport par travel insurance kaise avail karein?,"Airline, travel agent ya online. Coverage aur terms check karein. Documents aur receipts safe rakhein. Emergencies me claims process follow karein. Travel safety ensure hoti hai.",flight_info,departure,roman
124,Flight me seat reclining aur comfort tips kya hain?,Seat belt bandhe rakhein. Recline gently aur neighbor disturb na karein. Pillow ya blanket use karein. Staff instructions follow karein. Comfortable aur safe journey ensure hoti hai.,flight_info,departure,roman
125,Airport me fast-track security kaise avail karein?,"Premium tickets, membership ya pay service se. Signage aur info desk se guidance lein. Documents ready rakhein. Queue fast-track lane me join karein. Boarding efficiently hoti hai.",flight_info,departure,roman
126,Flight me onboard announcements kaise follow karein?,Headphones ya seat speakers use karein. Staff instructions aur emergency info dhyan se sunain. Safety aur guidance ke liye announcements important hote hain.,flight_info,departure,roman
127,Flight me unaccompanied minors ke rules kya hain?,Advance inform airline. Staff escort aur supervision provide karega. Boarding aur deboarding me assistance milegi. Parent/guardian contact details ready rakhein. Safety ensure hoti hai.,flight_info,departure,roman
128,Airport me immigration aur customs process kaise hoti hai?,"Passport, visa aur customs declaration ready rakhein. Lines follow karein aur documents present karein. Staff instructions strictly follow karein. Security aur rules comply karna zaruri hai.",flight_info,departure,roman
129,Flight me emergency landing kaise handle karein?,Calm aur composed rahen. Seat belt bandhe rakhein. Oxygen mask aur life jacket use karein. Staff instructions strictly follow karein. Kids aur elders assist karein. Emergency procedures dhyan se follow karein.,flight_info,departure,roman
130,Airport par VIP services kaise avail karein?,"Premium tickets, membership ya airline packages se. Lounge, fast-track security aur personal assistance available hote hain. Pre-book aur staff confirm karein. Comfortable aur stress-free journey ke liye faydemand.",flight_info,departure,roman
131,Flight me seat allocation aur changes kaise request karein?,"Online check-in, airline website ya counter se. Special needs aur preferences inform karein. Confirm seat assignment boarding ke waqt verify karein. Staff assist karega. Comfortable journey ensure hoti hai.",flight_info,departure,roman
132,Airport par taxi ya transport kaise arrange karein?,Official airport taxi counters ya ride-sharing apps use karein. Fare aur route confirm karein. Designated pickup area me wait karein. Staff aur signage follow karein. Safety aur convenience ke liye licensed transport prefer karein.,flight_info,departure,roman
133,Flight ke delay hone par compensation kaise lein?,Airline policies check karein. Customer service ya app se refund/rebooking request karein. Vouchers ya alternate flights available ho sakte hain. Documentation ready rakhein. Calm rahen aur instructions follow karein.,flight_info,departure,roman
134,Airport me parking options aur charges kaise pata karein?,Short-term aur long-term parking options check karein. Website ya info desk se charges lein. Parking area aur shuttle services verify karein. Receipt aur ticket safe rakhein. Timing aur distance plan karein.,flight_info,departure,roman
135,Flight me turbulence ke waqt food aur drinks kaise handle karein?,Secure aur cover karein. Seat belt bandhe rakhein. Staff instructions follow karein. Drinks aur hot food cautious handle karein. Calm aur composed rahen.,flight_info,departure,roman
136,Airport par connecting flights me baggage kaise manage karein?,Arrival aur departure gates check karein. Transfer time ka calculation karein. Staff guidance aur baggage tags verify karein. Immigration aur customs process plan karein. Mobile app notifications enable karein.,flight_info,departure,roman
137,Flight me onboard Wi-Fi kaise use karein?,Airline Wi-Fi service activate karein. Login credentials enter karein. Payment ya free plan check karein. Devices safe rakhein. Airplane mode rules follow karein.,flight_info,departure,roman
138,Flight me onboard pets ke liye rules kya hain?,Advance booking karein. Pet carrier airline standards ke mutabiq ho. Health certificates ready rakhein. Cabin ya cargo rules follow karein. Staff assist karega. Boarding aur arrival instructions confirm karein.,flight_info,departure,roman
139,Airport par duty-free shopping kaise karein?,Passport aur boarding pass ready rakhein. Purchase limits aur airline rules check karein. Liquids aur restricted items limits follow karein. Shopping bags carry-on ya check-in ke rules follow karein. Payment aur receipts safe rakhein.,flight_info,departure,roman
140,Flight me kids ke liye bassinet kaise request karein?,Airline advance inform karein. Staff allocate karega aur proper seat provide karega. Bedding aur safety check karein. Boarding ke waqt staff assist karega. Comfortable aur safe journey ensure hoti hai.,flight_info,departure,roman
141,Airport me mobile boarding pass kaise use karein?,Airline app se download karein. QR code gate par scan hoga. Screen brightness high rakhein. Backup ke liye print copy rakhein. ID proof ready rakhein.,flight_info,departure,roman
142,Flight me seat belt aur safety card kaise use karein?,Take-off aur landing me seat belt bandhein. Safety card instructions dhyan se padhein. Kids aur elders ke liye assist karein. Turbulence aur emergency situations me follow karein.,flight_info,departure,roman
143,Airport par fast-track lanes kaise use karein?,"Premium tickets, elderly, disabled ya families ke liye. Signage aur staff guidance follow karein. Documents aur boarding pass ready rakhein. Efficient aur fast boarding ke liye lane join karein.",flight_info,departure,roman
144,Flight me personal comfort items kaise manage karein?,"Pillow, blanket aur entertainment devices use karein. Seat aur belongings organized rakhein. Staff assistance lein agar zarurat ho. Comfortable aur stress-free journey ensure hoti hai.",flight_info,departure,roman
145,Airport par special assistance counters kaise locate karein?,"Signage aur info desks follow karein. Airline staff guide karega. Wheelchair, senior citizens aur disabled passengers ke liye assistance available hai. Prior request submit karein.",flight_info,departure,roman
146,Flight me liquids aur gels kaise manage karein?,100 ml se zyada na ho. Transparent resealable bag me rakhein. Security check ke liye separate tray. Prohibited items avoid karein. Smooth boarding ke liye ready rakhein.,flight_info,departure,roman
147,Airport me boarding gate change hone par kya karein?,Display boards aur announcements follow karein. Mobile notifications check karein. Staff se confirm karein. Time pe naya gate reach karein. Boarding smooth hoti hai.,flight_info,departure,roman
148,Flight me seat comfort aur reclining tips kya hain?,Seat belt bandhe rakhein. Recline gently aur neighbor disturb na karein. Pillow ya blanket use karein. Staff instructions follow karein. Comfortable aur safe journey ensure hoti hai.,flight_info,departure,roman
149,Airport par baggage claim aur lost luggage procedure kya hai?,Arrival hall me baggage carousel check karein. Agar luggage missing ho to airline counter report karein. Receipt aur tag details ready rakhein. Staff form fill karne me assist karega. Claim process follow karein aur updates receive karein.,flight_info,departure,roman
150,Flight me emergency landing ke waqt kids kaise secure karein?,Calm rahen aur seat belt bandhein. Oxygen mask aur life jacket use karein. Kids ko close rakhein. Staff instructions strictly follow karein. Emergency procedures dhyan se follow karein.,flight_info,departure,roman
151,Flight me emergency exit ke liye safety instructions kya hain?,Emergency exit seats par instructions board aur crew se milti hain. Seat belt bandhe rakhein aur exit handle operate karna seekhein. Children aur elders ko assist karein. Calm aur composed rahen. Crew instructions strictly follow karein.,flight_info,departure,roman
152,Airport par baggage drop ke liye tips kya hain?,Online check-in ke baad luggage counter par jaayein. ID aur boarding pass ready rakhein. Staff baggage weigh aur tag karega. Receipts safe rakhein. Lines aur timing ka dhyan rakhein. Smooth boarding ke liye early arrive karein.,flight_info,departure,roman
153,Flight me in-flight announcements kaise dhyan se sunain?,Headphones ya seat speakers use karein. Staff instructions aur emergency info dhyan se sunain. Boarding aur safety ke liye important hote hain. Calm aur prepared rahen. Devices properly secure rakhein.,flight_info,departure,roman
154,Airport me lounge facilities kaise use karein?,"Premium ticket, membership ya airline packages se access milega. Comfortable seating, snacks, drinks aur Wi-Fi available hain. Flight updates aur announcements lounge me milti hain. Long waits me rest aur refreshment ka chance milta hai. Staff assistance le sakte hain.",flight_info,departure,roman
155,Flight me turbulence ke waqt drinks aur meals kaise handle karein?,Secure aur cover karein. Seat belt bandhe rakhein. Staff instructions follow karein. Hot food aur beverages cautiously handle karein. Calm aur composed rahen. Safety ensure hoti hai.,flight_info,departure,roman
156,Airport par connecting flight ke liye kitna time chahiye?,"Arrival aur departure gates check karein. Minimum transfer time calculate karein. Immigration, security aur baggage process plan karein. Staff guidance aur mobile notifications follow karein. Smooth connection ke liye early planning zaruri hai.",flight_info,departure,roman
157,Flight me kids ke liye onboard assistance kaise request karein?,"Airline ko advance inform karein. Staff boarding, luggage handling aur seat allocation me assist karega. Special meals aur amenities confirm karein. Comfortable aur safe journey ensure hoti hai.",flight_info,departure,roman
158,Airport me mobile boarding pass kaise use karein?,Airline app se download karein. QR code gate par scan hoga. Screen brightness high rakhein. Backup ke liye print copy rakhein. ID proof ready rakhein.,flight_info,departure,roman
159,Flight me seat belt aur safety card kaise follow karein?,Take-off aur landing me seat belt bandhein. Safety card instructions dhyan se padhein. Kids aur elders ke liye assist karein. Turbulence aur emergency situations me follow karein.,flight_info,departure,roman
160,Airport par fast-track security lanes kaise use karein?,"Premium tickets, elderly, disabled ya families ke liye. Signage aur staff guidance follow karein. Documents aur boarding pass ready rakhein. Efficient aur fast boarding ke liye lane join karein.",flight_info,departure,roman
161,Flight me personal comfort items kaise manage karein?,"Pillow, blanket aur entertainment devices use karein. Seat aur belongings organized rakhein. Staff assistance lein agar zarurat ho. Comfortable aur stress-free journey ensure hoti hai.",flight_info,departure,roman
162,Airport par special assistance counters kaise locate karein?,"Signage aur info desks follow karein. Airline staff guide karega. Wheelchair, senior citizens aur disabled passengers ke liye assistance available hai. Prior request submit karein.",flight_info,departure,roman
163,Flight me liquids aur gels kaise manage karein?,100 ml se zyada na ho. Transparent resealable bag me rakhein. Security check ke liye separate tray. Prohibited items avoid karein. Smooth boarding ke liye ready rakhein.,flight_info,departure,roman
164,Airport me boarding gate change hone par kya karein?,Display boards aur announcements follow karein. Mobile notifications check karein. Staff se confirm karein. Time pe naya gate reach karein. Boarding smooth hoti hai.,flight_info,departure,roman
165,Flight me seat comfort aur reclining tips kya hain?,Seat belt bandhe rakhein. Recline gently aur neighbor disturb na karein. Pillow ya blanket use karein. Staff instructions follow karein. Comfortable aur safe journey ensure hoti hai.,flight_info,departure,roman
166,Airport par baggage claim aur lost luggage procedure kya hai?,Arrival hall me baggage carousel check karein. Agar luggage missing ho to airline counter report karein. Receipt aur tag details ready rakhein. Staff form fill karne me assist karega. Claim process follow karein aur updates receive karein.,flight_info,departure,roman
167,Flight me emergency landing ke waqt kids kaise secure karein?,Calm rahen aur seat belt bandhein. Oxygen mask aur life jacket use karein. Kids ko close rakhein. Staff instructions strictly follow karein. Emergency procedures dhyan se follow karein.,flight_info,departure,roman
168,Flight me onboard entertainment options kya hain?,"Seat-back screens ya personal devices connect karein. Headphones use karein. Movies, music aur games available hote hain. Staff instructions follow karein. Leisure aur comfort ke liye plan karein.",flight_info,departure,roman
169,Airport me duty-free shopping kaise karein?,Passport aur boarding pass ready rakhein. Purchase limits aur airline rules check karein. Liquids aur restricted items limits follow karein. Shopping bags carry-on ya check-in rules follow karein. Payment aur receipts safe rakhein.,flight_info,departure,roman
170,Flight me kids ke liye bassinet kaise request karein?,Airline advance inform karein. Staff allocate karega aur proper seat provide karega. Bedding aur safety check karein. Boarding ke waqt staff assist karega. Comfortable aur safe journey ensure hoti hai.,flight_info,departure,roman
171,Airport par travel insurance kaise avail karein?,"Airline, travel agent ya online buy karein. Coverage aur terms check karein. Documents aur receipts safe rakhein. Emergencies me claims process follow karein. Travel safety ensure hoti hai.",flight_info,departure,roman
172,Flight me personal electronic devices kaise charge karein?,Power ports ya USB outlets check karein. Staff instructions follow karein. Devices secure rakhein. Portable charger saath rakhein. Airplane mode rules follow karein.,flight_info,departure,roman
173,Airport me parking options aur charges kaise pata karein?,Short-term aur long-term parking options check karein. Website ya info desk se charges lein. Parking area aur shuttle services verify karein. Receipt aur ticket safe rakhein. Timing aur distance plan karein.,flight_info,departure,roman
174,Flight ke delay hone par kya steps lene chahiye?,Airline staff ya display screens se latest update lein. Connecting flight miss ho rahi ho to airline se alternate arrangements discuss karein. Lounge ya waiting area me comfortable wait karein. Boarding gate announcements sunte rahen. Compensation policies ke liye airline website check karein.,flight_info,departure,roman
175,Flight me seat selection tips kya hain?,Window ya aisle preference select karein. Exit rows aur legroom available check karein. Online check-in se better seats mil sakti hain. Special needs ya kids ke liye preferred seating request karein. Boarding ke waqt staff se verify karein.,flight_info,departure,roman
176,Airport par health protocols kya follow karne chahiye?,Masks aur sanitizer use karein. Social distancing maintain karein. Agar fever ya illness ho to airline ko inform karein. Security aur boarding area me hygiene guidelines follow karein. Travel documents aur health certificates ready rakhein. Safe aur comfortable departure ke liye planning zaruri hai.,flight_info,departure,roman
177,Flight me onboard pets ke liye rules kya hain?,Advance booking karein. Pet carrier airline standards ke mutabiq ho. Health certificates ready rakhein. Cabin ya cargo rules follow karein. Staff assist karega. Boarding aur arrival instructions confirm karein.,flight_info,departure,roman
178,Airport par shuttle services kaise use karein?,Shuttle counters ya info desk se schedule aur routes check karein. Boarding area aur timing confirm karein. Tickets ya passes ready rakhein. Safety aur convenience ke liye licensed service prefer karein.,flight_info,departure,roman
179,Flight me unaccompanied minors ke rules kya hain?,Airline ko advance inform karein. Staff escort aur supervision provide karega. Boarding aur deboarding me assistance milegi. Parent/guardian contact details ready rakhein. Safety ensure hoti hai.,flight_info,departure,roman
180,Airport me immigration aur customs process kya hai?,"Passport, visa aur customs declaration form ready rakhein. Lines follow karein aur documents present karein. Staff instructions strictly follow karein. Security aur rules comply karna zaruri hai.",flight_info,departure,roman
181,Flight me emergency oxygen masks kaise use karein?,Announcement par mask deploy hota hai. Nose aur mouth cover karein. Strap adjust karein aur self pehle fit karein phir bachon ko help karein. Calm rahen aur staff instructions strictly follow karein.,flight_info,departure,roman
182,Airport par VIP services kaise avail karein?,"Premium tickets, membership ya airline packages se. Lounge, fast-track security aur personal assistance available hote hain. Pre-book aur staff confirm karein. Comfortable aur stress-free journey ke liye faydemand.",flight_info,departure,roman
183,Flight me seat allocation aur changes kaise request karein?,"Online check-in, airline website ya counter se. Special needs aur preferences inform karein. Confirm seat assignment boarding ke waqt verify karein. Staff assist karega. Comfortable journey ensure hoti hai.",flight_info,departure,roman
184,Airport par taxi ya transport services kaise arrange karein?,Official airport taxi counters ya ride-sharing apps use karein. Fare aur route confirm karein. Designated pickup area me wait karein. Staff aur signage follow karein. Safety aur convenience ke liye licensed transport prefer karein.,flight_info,departure,roman
185,Flight ke delay ya cancellation par refund ya rebooking kaise milega?,Airline policies check karein. Customer service ya app se refund/rebooking request karein. Vouchers ya alternate flights available ho sakte hain. Documentation aur receipts ready rakhein. Calm rahen aur instructions follow karein.,flight_info,departure,roman
186,Flight me seat reclining aur comfort tips kya hain?,Seat belt bandhe rakhein. Recline gently aur neighbor disturb na karein. Pillow ya blanket use karein. Staff instructions follow karein. Comfortable aur safe journey ensure hoti hai.,flight_info,departure,roman
187,Airport par baggage wrapping aur safety tips kya hain?,Wrapping counters use karein. Tags aur receipts attach karein. Sharp items secure karein. Security instructions follow karein. Damage aur theft se protection milegi.,flight_info,departure,roman
188,Flight me onboard announcements kaise follow karein?,Headphones ya seat speakers use karein. Staff instructions aur emergency info dhyan se sunain. Safety aur guidance ke liye announcements important hote hain.,flight_info,departure,roman
189,Airport par travel insurance kaise avail karein?,"Airline, travel agent ya online buy karein. Coverage aur terms check karein. Documents aur receipts safe rakhein. Emergencies me claims process follow karein. Travel safety ensure hoti hai.",flight_info,departure,roman
190,Flight me kids ke liye bassinet kaise request karein?,Airline advance inform karein. Staff allocate karega aur proper seat provide karega. Bedding aur safety check karein. Boarding ke waqt staff assist karega. Comfortable aur safe journey ensure hoti hai.,flight_info,departure,roman
191,Airport me mobile boarding pass kaise use karein?,Airline app se download karein. QR code gate par scan hoga. Screen brightness high rakhein. Backup ke liye print copy rakhein. ID proof ready rakhein.,flight_info,departure,roman
192,Flight me seat belt aur safety instructions kyun follow karna zaruri hai?,Turbulence aur emergency situations me safety ke liye. Crew announcements aur safety card guide follow karein. Kids aur elders ke liye assist karein. Accidents aur injuries se bachne ke liye.,flight_info,departure,roman
193,Airport par fast-track security kaise avail karein?,"Premium tickets, membership ya pay service se. Signage aur info desk se guidance lein. Documents ready rakhein. Queue fast-track lane me join karein. Boarding efficiently hoti hai.",flight_info,departure,roman
194,Flight me personal comfort items kaise manage karein?,"Pillow, blanket aur entertainment devices use karein. Seat aur belongings organized rakhein. Staff assistance lein agar zarurat ho. Comfortable aur stress-free journey ensure hoti hai.",flight_info,departure,roman
195,Airport par special assistance counters kaise locate karein?,"Signage aur info desks follow karein. Airline staff guide karega. Wheelchair, senior citizens aur disabled passengers ke liye assistance available hai. Prior request submit karein.",flight_info,departure,roman
196,Flight me liquids aur gels kaise manage karein?,100 ml se zyada na ho. Transparent resealable bag me rakhein. Security check ke liye separate tray. Prohibited items avoid karein. Smooth boarding ke liye ready rakhein.,flight_info,departure,roman
197,Airport me boarding gate change hone par kya karein?,Display boards aur announcements follow karein. Mobile notifications check karein. Staff se confirm karein. Time pe naya gate reach karein. Boarding smooth hoti hai.,flight_info,departure,roman
198,Flight me seat comfort aur reclining tips kya hain?,Seat belt bandhe rakhein. Recline gently aur neighbor disturb na karein. Pillow ya blanket use karein. Staff instructions follow karein. Comfortable aur safe journey ensure hoti hai.,flight_info,departure,roman
199,Airport par baggage claim aur lost luggage procedure kya hai?,Arrival hall me baggage carousel check karein. Agar luggage missing ho to airline counter report karein. Receipt aur tag details ready rakhein. Staff form fill karne me assist karega. Claim process follow karein aur updates receive karein.,flight_info,departure,roman
200,Flight me emergency landing ke waqt kids kaise secure karein?,Calm rahen aur seat belt bandhein. Oxygen mask aur life jacket use karein. Kids ko close rakhein. Staff instructions strictly follow karein. Emergency procedures dhyan se follow karein.,flight_info,departure,roman
,,,,,
ID,Question,Answer,,,
1,Check-in area kahan hai?,Check-in area departure floor ke main entrance ke foran baad hai. Har airline ka apna counter hota hai jahan staff aapki madad karta hai.,intent,terminal,language
2,Parking se terminal kaise jaun?,Parking area se “Departures” ke boards follow karein. Lift aur ramp dono available hain taake aap asani se saman le ja sakein.,guidance,departure,roman
3,Baggage wrapping service kahan milti hai?,Baggage wrapping service check-in counter ke paas hoti hai. Ye service aapke bag ko flight ke dauran safe rakhti hai.,guidance,departure,roman
4,Information desk kahan hai?,"Information desk entrance ke paas hai jahan staff flights, gates aur facilities ke bare mein madad karta hai.",guidance,departure,roman
5,Trolley kahan se milegi?,Trolley har entrance aur check-in area ke paas mil jati hai. Ye free hoti hai aur har waqt available rehti hai.,guidance,departure,roman
6,Gate 8 kahan hai?,Gate 8 security check ke baad right side par hai. Wahan clear boards lage hue hain jo direction batate hain.,guidance,departure,roman
7,Washroom kahan hai?,"Har 2 gates ke darmiyan washroom hai. Gate 3, 6 aur 9 ke paas washrooms sabse qareeb hain.",guidance,departure,roman
8,Lounge available hai?,"Haan, business class aur VIP passengers ke liye lounge hai. Paid entry bhi mil sakti hai agar aap chahen.",guidance,departure,roman
9,Khana kahan milta hai?,Departure hall mein coffee aur snacks ke liye cafes aur fast food counters available hain. Gloria Jeans aur Cinnabon famous hain.,guidance,departure,roman
10,Namaz kahan par parh sakta hoon?,Namaz ke liye alag kamra gate 5 ke paas hai. Mardon aur khawateen ke liye alag jagah banai gayi hai.,guidance,departure,roman
11,Security check kahan hota hai?,Check-in ke baad security area aata hai jahan saman aur ticket dono check kiye jate hain.,guidance,departure,roman
12,Samaan ka weight kahan check hota hai?,Airline counter par weight machine hoti hai jahan aap apne bags weigh karwa sakte hain.,guidance,departure,roman
13,Wheelchair service milti hai?,"Haan, wheelchair service available hai. Information desk se madad mang sakte hain.",guidance,departure,roman
14,Gate tak kitna time lagta hai?,Security check ke baad aam tor par gate tak 5 se 10 minutes lagte hain.,guidance,departure,roman
15,Charging point kahan milta hai?,Har waiting area ke paas charging points aur USB ports lage hue hain.,guidance,departure,roman
16,Free WiFi milta hai?,"Haan, “IIAP-FreeWiFi” network se connect karke free internet use kar sakte hain.",guidance,departure,roman
17,Agar gate change ho jaye to?,Screen par updated information aati hai aur loudspeaker se announce bhi hoti hai.,guidance,departure,roman
18,Staff madad karta hai?,"Bilkul, airport staff har section mein maujood hota hai madad ke liye.",guidance,departure,roman
19,Shopping kar sakte hain?,"Haan, duty free shops aur gift stores lounges ke andar available hain.",guidance,departure,roman
20,Family andar aa sakti hai?,Sirf ticket holders andar ja sakte hain. Family farewell area tak aa sakti hai.,guidance,departure,roman
21,Security ke baad wapas ja sakte hain?,"Nahi, security ke baad wapas jana allowed nahi hota.",guidance,departure,roman
22,ATM machine hai?,"Haan, ATM machines main hall aur departure lounge dono jagah par hain.",guidance,departure,roman
23,Bachon ke liye play area hai?,"Haan, gate 7 ke paas chhota play area bana hua hai bachon ke liye.",guidance,departure,roman
24,Pani ki bottle le ja sakta hoon?,Security ke baad pani le jane ki ijazat nahi hoti. Andar se bottles mil jati hain.,guidance,departure,roman
25,Prayer room mein announcement sunai deti hai?,"Haan, prayer room mein speakers lage hain taake aap announcements miss na karein.",guidance,departure,roman
26,Smoking area hai?,"Haan, gate 10 ke paas smoking zone hai jo ventilated hai.",guidance,departure,roman
27,Immigration process mushkil hai?,"Nahi, staff helpful hai. Passport aur ticket ready rakhein taake process asaan ho.",guidance,departure,roman
28,Gate change ho jaye to kya karun?,Nearby staff se confirm karein ya digital screen dekhein for latest update.,guidance,departure,roman
29,Shopping available hai?,"Haan, perfumes, chocolates aur souvenirs duty free shops mein milte hain.",guidance,departure,roman
30,Medical help mil sakti hai?,"Haan, emergency clinic departure floor par hai jo 24 ghante khula rehta hai.",guidance,departure,roman
31,Gate ke paas seats hain?,"Haan, har gate ke paas comfortable seats hain jahan aap araam kar sakte hain.",guidance,departure,roman
32,Announcements English mein bhi hote hain?,"Haan, announcements Urdu aur English dono languages mein hoti hain.",guidance,departure,roman
33,Charging free hai?,"Haan, saare charging stations free hain sab passengers ke liye.",guidance,departure,roman
34,Pani ka dispenser kahan hai?,Water dispensers har gate ke paas lage hue hain. Aap apni bottle fill kar sakte hain.,guidance,departure,roman
35,Bag kho jaye to kya karun?,Lost & Found desk par report karein. Staff turant madad karta hai.,guidance,departure,roman
36,Kya apna khana la sakta hoon?,"Haan, lekin liquid ya strong smell wala food allowed nahi hota.",guidance,departure,roman
37,Dawaiyan kahin se milengi?,"Haan, ek pharmacy lounge ke paas hai jahan basic medicines milti hain.",guidance,departure,roman
38,SIM stall kahan hai?,"Entrance ke paas Jazz, Zong aur Ufone ke stalls maujood hain.",guidance,departure,roman
39,Boarding ke baad wapas ja sakta hoon?,"Nahi, boarding ke baad sirf authorized staff hi gate open kar sakta hai.",guidance,departure,roman
40,Lounge mein newspaper milta hai?,"Haan, lounge mein daily newspapers aur travel magazines milte hain.",guidance,departure,roman
41,Intercom system hai?,"Haan, har zone mein intercom lagay hue hain for quick communication.",guidance,departure,roman
42,Mobile use kar sakte hain?,"Haan, lekin security area mein mobile band rakhein.",guidance,departure,roman
43,Card payment hoti hai?,"Haan, saare cafes aur shops card payments accept karte hain.",guidance,departure,roman
44,Old passengers ke sath koi ja sakta hai?,"Haan, special permission ke sath ek person unke sath ja sakta hai.",guidance,departure,roman
45,Boarding ke time announcements hote hain?,"Haan, clear aur loud announcements hoti hain boarding ke waqt.",guidance,departure,roman
46,Flight updates SMS par milte hain?,"Haan, agar number register ho to SMS updates automatically milte hain.",guidance,departure,roman
47,Return flight info mil sakti hai?,"Haan, information desk par sab flights ka schedule available hai.",guidance,departure,roman
48,Mask pehna zaroori hai?,"Abhi wajib nahi, lekin health ke liye recommend kiya jata hai.",guidance,departure,roman
49,Power bank le ja sakta hoon?,"Haan, lekin sirf hand carry bag mein rakhna allowed hai.",guidance,departure,roman
50,International flights ke liye alag area hai?,"Haan, international flights ke liye alag security aur lounge zone hota hai. Staff wahan guide karta hai.",guidance,departure,roman
51,Airport par boarding gate tak kaise pohonchein?,"Apne boarding pass aur display boards check karein, sahi gate identify karein aur waqt se pehle wahan pohonchein. Staff ki guidance follow karein.",guidance,departure,roman
52,Check-in ke baad luggage kaise organize karein?,"Luggage tag check karein, hand luggage overhead compartment ya seat ke neeche rakhein, aur prohibited items alag karein. Staff ki guidance follow karein.",guidance,departure,roman
53,Flight delay hone par kya steps lene chahiye?,"Airline notifications aur display board check karein, waiting area me relax karein, aur staff se alternate options aur estimated time confirm karein.",guidance,departure,roman
54,Children ke sath flight me comfort kaise ensure karein?,"Pillow aur blanket use karein, peaceful environment banayein, headphone ya eye mask use karein, aur bachon ke qareeb rahen.",guidance,departure,roman
55,Lost luggage ki situation me kya karein?,"Information desk ya airline counter se contact karein, report file karein, receipt aur details safe rakhein, aur staff instructions follow karein.",guidance,departure,roman
56,Flight me mobile aur wifi kaise use karein?,"Mobile flight mode par rakhein, wifi available ho to airline services use karein, calls aur data restricted hain, aur staff instructions follow karein.",guidance,departure,roman
57,Boarding ke waqt line me patience kaise maintain karein?,"Boarding group ke according line me pohonchein, boarding pass ready rakhein, respectfully wait karein, aur staff instructions follow karein.",guidance,departure,roman
58,Flight me children ke entertainment kaise arrange karein?,"Stories, games aur movies arrange karein, headphone use karein, snacks aur water sath rakhein, aur staff instructions follow karein.",guidance,departure,roman
59,Airport par priority service kaise avail karein?,"Premium ticket ya reservation ke mutabiq dedicated lane use karein, aur staff instructions follow karein taake boarding easy ho.",guidance,departure,roman
60,Flight me comfortable sleep ke liye kya karein?,"Pillow aur blanket use karein, seat recline karein, headphone ya eye mask use karein, water regular piyein, aur staff instructions follow karein.",guidance,departure,roman
61,Flight me health aur hygiene kaise maintain karein?,"Hands wash karein ya sanitizer use karein, mask pehnein agar required ho, water regular piyein, aur staff instructions follow karein.",guidance,departure,roman
62,Airport shopping ke liye kya steps follow karein?,"Time pehle se plan karein, official shops use karein, receipts safe rakhein, boarding ke pehle shopping complete karein, aur staff instructions follow karein.",guidance,departure,roman
63,Flight me personal electronics ki safety kaise ensure karein?,"Laptop, mobile aur devices close rakhein, security check me separate karein, charger aur battery rules follow karein, aur staff instructions follow karein.",guidance,departure,roman
64,Airport emergency me kya steps follow karein?,"Staff instructions par instantly act karein, boarding pass aur ID ready rakhein, calm rahen, aur exit routes use karein.",guidance,departure,roman
65,Flight me children ki safety ke liye kya precautions hain?,"Seat belt always bandhein, mask ya life jacket use karein, calm rahen, aur bachon ke qareeb rahen.",guidance,departure,roman
66,Boarding ke waqt documents ready kaise rakhein?,"Passport, boarding pass aur ID ready rakhein, extra receipt ya print sath rakhein, aur staff instructions follow karein.",guidance,departure,roman
67,Flight me children ke liye meals kaise provide karein?,"Light aur easy-to-digest meals provide karein, water sath rakhein, calm rahen, aur staff instructions follow karein.",guidance,departure,roman
68,Airport lost & found ke liye kya steps hain?,"Information desk ya airline counter contact karein, report file karein, receipt aur details safe rakhein, aur staff instructions follow karein.",guidance,departure,roman
69,Flight me seat selection kaise optimize karein?,"Airline website ya app se pre-select karein, window ya isolated seat prefer karein, children ya elderly ke liye comfortable seat choose karein, aur staff help lein.",guidance,departure,roman
70,Flight emergency me kya actions lene chahiye?,"Staff instructions follow karein, seat belt bandhein, exit routes aur oxygen mask use karein, aur children ya elderly ki help karein.",guidance,departure,roman
71,Check-in ke baad next steps kya hain?,"Boarding pass collect karein, baggage drop karein, security check complete karein, gate aur boarding time check karein, aur waiting area me relax karein.",guidance,departure,roman
72,Flight me noise aur disturbance se kaise bacha jaaye?,"Headphone ya earplugs use karein, calm rahen, staff instructions follow karein, aur dusre passengers ko disturb na karein.",guidance,departure,roman
73,Flight me children ke liye activities kaise ensure karein?,"Stories, games aur movies available rakhein, headphones use karein, snacks aur water sath rakhein, aur staff instructions follow karein.",guidance,departure,roman
74,Airport par wheelchair ya special assistance kaise avail karein?,"Request pehle se karein, information desk ya airline counter contact karein, staff instructions follow karein, aur travel easy aur safe ho jayega.",guidance,departure,roman
75,Flight me comfort aur relaxation ke liye kya facilities hain?,"Pillow, blanket, headphone, eye mask, water aur snacks available hain, calm environment me staff support available hai.",guidance,departure,roman
76,Boarding ke waqt personal items kaise arrange karein?,"Cabin bag aur essential items easily accessible rakhein, prohibited items separate rakhein, aur staff instructions follow karein.",guidance,departure,roman
77,Flight me meals aur snacks kaise manage karein?,"Healthy aur light meals rakhein, children aur elderly ke liye proper quantity maintain karein, staff instructions follow karein, aur tray aur seat clean rakhein.",guidance,departure,roman
78,Airport special assistance counter kahan hai?,"Signs aur information desk follow karein, staff wheelchair aur disabled assistance provide karega, request pehle se karein, aur guidance ke liye staff cooperation lein.",guidance,departure,roman
79,Flight me children ki sleep ke liye kya arrangements hain?,"Pillow aur blanket provide karein, calm environment maintain karein, headphone ya eye mask use karein, aur children ke paas rahein.",guidance,departure,roman
80,Comfortable clothing ke liye kya suggestions hain?,"Light aur comfortable clothes pehnein, shoes easy-to-remove ho, aur movement-friendly attire select karein.",guidance,departure,roman
81,Boarding line me patience aur order kaise maintain karein?,"Boarding group ke according pohonchein, boarding pass ready rakhein, politely wait karein, staff instructions follow karein, aur dusron ko disturb na karein.",guidance,departure,roman
82,Airport lounge use kaise karein?,"Premium ticket ya membership required, boarding pass ready rakhein, comfortable seats, snacks aur wifi available, aur time pe pohonchein.",guidance,departure,roman
83,Flight me noise aur disturbance se kaise bacha jaaye?,"Headphones ya earplugs use karein, calm rahen, staff instructions follow karein, aur dusre passengers ko disturb na karein.",guidance,departure,roman
84,Flight me seat use kaise optimize karein?,"Seat recline karein, headphones aur eye mask use karein, water aur snacks available rakhein, calm rahen, aur staff instructions follow karein.",guidance,departure,roman
85,Children aur elderly ke liye available facilities kya hain?,"Special seats, headphones, meals aur water provide kiye jate hain, staff assistance lein, aur safety instructions follow karein.",guidance,departure,roman
86,Airport emergency aur first aid kaise avail karein?,"Information desk ya airline counter se contact karein, staff instructions follow karein, first aid kit available hai, emergency me immediate help lein.",guidance,departure,roman
87,Flight me personal items ka loss kaise prevent karein?,"Cabin bag aur valuables close rakhein, overhead compartment secure karein, items organized rakhein, staff instructions follow karein, aur assistance lein agar needed ho.",guidance,departure,roman
88,Check-in ke waqt line me kya precautions follow karein?,"Line me patience rakhein, documents ready rakhein, staff instructions follow karein, aur dusre passengers ko disturb na karein.",guidance,departure,roman
89,Children safety ke liye flight me kya precautions hain?,"Seat belt bandhein, mask ya life jacket use karein, calm rahen, staff instructions follow karein, aur children ke pass rahen.",guidance,departure,roman
90,Personal electronics kaise safe rakhein?,"Laptop, mobile aur devices close rakhein, security check me separate karein, charger aur battery rules follow karein, staff instructions follow karein.",guidance,departure,roman
91,Flight me sleeping environment kaise improve karein?,"Seat recline karein, headphones aur eye mask use karein, calm environment maintain karein, staff instructions follow karein.",guidance,departure,roman
92,Children ke liye extra facilities kaise avail karein?,"Wheelchair, special seat ya headphone request pehle se karein, staff instructions follow karein, aur travel easy aur comfortable ho jayega.",guidance,departure,roman
93,Meal quantity aur selection kaise decide karein?,"Healthy aur light meals select karein, children aur elderly ke liye proper quantity rakhein, staff instructions follow karein.",guidance,departure,roman
94,Boarding se pehle water aur snacks kaise arrange karein?,"Airport cafe ya shops use karein, boarding se pehle purchase karein, staff assistance lein agar needed ho.",guidance,departure,roman
95,Flight emergency me kya actions lene chahiye?,"Staff instructions follow karein, seat belt bandhein, exit routes use karein, children aur elderly ki help karein.",guidance,departure,roman
96,Comfortable clothing ke liye kya tips hain?,"Light aur comfortable clothes pehnein, easy-to-remove shoes, aur movement-friendly attire select karein.",guidance,departure,roman
97,Boarding line me order aur discipline kaise maintain karein?,"Boarding group ke according pohonchein, documents ready rakhein, politely wait karein, staff instructions follow karein.",guidance,departure,roman
98,Children ke sleep aur comfort ke liye kya facilities hain?,"Pillow aur blanket available hain, calm environment maintain karein, headphones ya eye mask use karein, children ke pass rahen.",guidance,departure,roman
99,Airport lost luggage ke case me kya karein?,"Information desk ya airline counter contact karein, report file karein, receipt aur details safe rakhein, staff instructions follow karein.",guidance,departure,roman
100,Children aur elderly ke liye water aur meal kaise arrange karein?,"Water aur light meals available rakhein, children aur elderly ke liye proper quantity maintain karein, staff instructions follow karein, aur comfortable travel ensure karein.",guidance,departure,roman
101,Airport par check-in ke baad next steps kya hain?,"Boarding pass collect karein, baggage drop karein, security check complete karein, gate aur boarding time check karein, aur waiting area me relax karein.",guidance,departure,roman
102,Flight me mobile aur electronics ka safe use kaise karein?,"Devices close rakhein, security check ke liye alag karein, charger aur battery rules follow karein, aur staff instructions follow karein.",guidance,departure,roman
103,Children ke liye flight me comfort aur entertainment kaise provide karein?,"Stories, games, movies aur snacks arrange karein, headphones use karein, calm environment maintain karein, aur staff guidance follow karein.",guidance,departure,roman
104,Airport par emergency medical assistance kaise avail karein?,"Information desk ya airline counter se contact karein, first aid kit available hai, staff instructions follow karein, aur emergency me immediate help lein.",guidance,departure,roman
105,Flight delay hone par kya karna chahiye?,"Airline notifications aur display boards check karein, waiting area me relax karein, staff se alternate options aur updated timings confirm karein.",guidance,departure,roman
106,Airport par priority boarding kaise avail karein?,"Premium ticket ya membership ke mutabiq dedicated lane use karein, aur staff instructions follow karein taake boarding smooth ho.",guidance,departure,roman
107,Flight me comfortable sleep ke liye kya tips hain?,"Pillow aur blanket use karein, seat recline karein, headphone ya eye mask use karein, water regularly piyein, aur staff instructions follow karein.",guidance,departure,roman
108,Children aur elderly ki safety ke liye flight me kya precautions hain?,"Seat belt hamesha bandhein, mask ya life jacket use karein, calm rahen, aur children/elderly ke pass rahen.",guidance,departure,roman
109,Boarding ke waqt documents kaise ready rakhein?,"Passport, boarding pass aur ID ready rakhein, extra print ya receipt sath rakhein, aur staff instructions follow karein.",guidance,departure,roman
110,Flight me snacks aur meals kaise manage karein?,"Healthy aur light meals choose karein, children aur elderly ke liye proper quantity rakhein, staff instructions follow karein, aur tray aur seat clean rakhein.",guidance,departure,roman
111,Lost luggage ke case me kya steps hain?,"Information desk ya airline counter contact karein, report file karein, receipt aur details safe rakhein, aur staff instructions follow karein.",guidance,departure,roman
112,Flight me personal electronics kaise secure rakhein?,"Laptop, mobile aur devices close rakhein, security check ke liye alag karein, chargers aur batteries rules follow karein, staff guidance follow karein.",guidance,departure,roman
113,Boarding ke waqt line me patience kaise maintain karein?,"Boarding group ke according pohonchein, boarding pass ready rakhein, polite wait karein, staff instructions follow karein.",guidance,departure,roman
114,Flight me children ke liye activities aur entertainment kaise provide karein?,"Stories, games aur movies provide karein, headphones use karein, snacks aur water sath rakhein, staff instructions follow karein.",guidance,departure,roman
115,Airport par wheelchair ya special assistance kaise avail karein?,"Request pehle se submit karein, information desk ya airline counter se contact karein, staff instructions follow karein.",guidance,departure,roman
116,Flight me relaxation aur comfort ke liye available facilities kya hain?,"Pillow, blanket, headphone, eye mask, water aur snacks available hain, calm environment me staff assistance milegi.",guidance,departure,roman
117,Boarding ke waqt personal items kaise organize karein?,"Cabin bag aur essentials easily accessible rakhein, prohibited items separate rakhein, staff instructions follow karein.",guidance,departure,roman
118,Flight me meals aur drinks kaise manage karein?,"Healthy aur light meals rakhein, children aur elderly ke liye suitable quantity, staff instructions follow karein, aur tray clean rakhein.",guidance,departure,roman
119,Airport par special assistance counter kahan hai?,"Signs ya information desk follow karein, staff wheelchair aur disabled assistance provide karega, request pehle se submit karein.",guidance,departure,roman
120,Flight me children ki neend ke liye kya arrangements hain?,"Pillow aur blanket provide karein, calm environment maintain karein, headphones ya eye mask use karein, aur children ke pass rahen.",guidance,departure,roman
121,Comfortable clothing ke liye kya suggestions hain?,"Light aur comfortable clothes pehnein, shoes easy-to-remove ho, aur movement-friendly attire select karein.",guidance,departure,roman
122,Boarding line me order aur discipline kaise maintain karein?,"Boarding group ke according pohonchein, documents ready rakhein, politely wait karein, staff instructions follow karein.",guidance,departure,roman
123,Airport lounge kaise use karein?,"Premium ticket ya membership, boarding pass ready rakhein, comfortable seats, snacks aur wifi available, time se pohonchein.",guidance,departure,roman
124,Flight me noise aur disturbance se kaise bacha jaaye?,"Headphones ya earplugs use karein, calm rahen, staff instructions follow karein, aur dusre passengers ko disturb na karein.",guidance,departure,roman
125,Flight me seat ka use kaise optimize karein?,"Seat recline karein, headphones aur eye mask use karein, water aur snacks available rakhein, calm rahen, staff instructions follow karein.",guidance,departure,roman
126,Children aur elderly ke liye available facilities kya hain?,"Special seats, headphones, meals aur water provide kiye jate hain, staff assistance lein, aur safety instructions follow karein.",guidance,departure,roman
127,Airport emergency aur first aid kaise avail karein?,"Information desk ya airline counter se contact karein, staff instructions follow karein, first aid kit available hai, emergency me immediate help lein.",guidance,departure,roman
128,Flight me personal items ka loss kaise prevent karein?,"Cabin bag aur valuables close rakhein, overhead compartment secure karein, items organized rakhein, staff instructions follow karein.",guidance,departure,roman
129,Check-in ke waqt line me kya precautions follow karein?,"Line me patience rakhein, documents ready rakhein, staff instructions follow karein, aur dusre passengers disturb na karein.",guidance,departure,roman
130,Children safety ke liye flight me kya precautions hain?,"Seat belt bandhein, mask ya life jacket use karein, calm rahen, staff instructions follow karein, aur children ke pass rahen.",guidance,departure,roman
131,Personal electronics kaise safe rakhein?,"Laptop, mobile aur devices close rakhein, security check me separate karein, charger aur battery rules follow karein, staff instructions follow karein.",guidance,departure,roman
132,Flight me sleeping environment kaise improve karein?,"Seat recline karein, headphones aur eye mask use karein, calm environment maintain karein, staff instructions follow karein.",guidance,departure,roman
133,Children ke liye extra facilities kaise avail karein?,"Wheelchair, special seat ya headphone request pehle se karein, staff instructions follow karein, aur travel comfortable ho jayega.",guidance,departure,roman
134,Meal quantity aur selection kaise decide karein?,"Healthy aur light meals select karein, children aur elderly ke liye proper quantity rakhein, staff instructions follow karein.",guidance,departure,roman
135,Boarding se pehle water aur snacks kaise arrange karein?,"Airport cafe ya shops use karein, boarding se pehle purchase karein, staff assistance lein agar needed ho.",guidance,departure,roman
136,Flight emergency me kya actions lene chahiye?,"Staff instructions follow karein, seat belt bandhein, exit routes use karein, children aur elderly ki help karein.",guidance,departure,roman
137,Comfortable clothing ke liye kya tips hain?,"Light aur comfortable clothes pehnein, easy-to-remove shoes, aur movement-friendly attire select karein.",guidance,departure,roman
138,Boarding line me order aur discipline kaise maintain karein?,"Boarding group ke according pohonchein, documents ready rakhein, politely wait karein, staff instructions follow karein.",guidance,departure,roman
139,Children ke sleep aur comfort ke liye kya facilities hain?,"Pillow aur blanket available hain, calm environment maintain karein, headphones ya eye mask use karein, children ke pass rahen.",guidance,departure,roman
140,Airport lost luggage ke case me kya karein?,"Information desk ya airline counter contact karein, report file karein, receipt aur details safe rakhein, staff instructions follow karein.",guidance,departure,roman
141,Children aur elderly ke liye water aur meal kaise arrange karein?,"Water aur light meals available rakhein, children aur elderly ke liye proper quantity maintain karein, staff instructions follow karein.",guidance,departure,roman
142,Flight me health aur hygiene kaise maintain karein?,"Hands wash karein ya sanitizer use karein, mask pehnein, water regular piyein, staff instructions follow karein.",guidance,departure,roman
143,Boarding ke waqt queue me patience kaise rakhein?,"Boarding group ke according pohonchein, boarding pass ready rakhein, politely wait karein, staff instructions follow karein.",guidance,departure,roman
144,Flight me children ke liye entertainment aur safety kaise ensure karein?,"Stories, games aur movies provide karein, headphones use karein, snacks aur water available rakhein, staff instructions follow karein.",guidance,departure,roman
145,Airport par wheelchair ya assistance kaise avail karein?,"Request pehle se submit karein, information desk ya airline counter contact karein, staff instructions follow karein.",guidance,departure,roman
146,Flight me relaxation aur comfort ke liye kya facilities available hain?,"Pillow, blanket, headphone, eye mask, water aur snacks available hain, calm environment me staff assistance milegi.",guidance,departure,roman
147,Boarding ke waqt personal items kaise organize karein?,"Cabin bag aur essentials easily accessible rakhein, prohibited items separate rakhein, staff instructions follow karein.",guidance,departure,roman
148,Flight me meals aur drinks kaise manage karein?,"Healthy aur light meals rakhein, children aur elderly ke liye suitable quantity, staff instructions follow karein.",guidance,departure,roman
149,Airport par special assistance counter kahan hai?,"Signs ya information desk follow karein, staff wheelchair aur disabled assistance provide karega, request pehle se submit karein.",guidance,departure,roman
150,Flight me children ki neend ke liye kya arrangements hain?,"Pillow aur blanket provide karein, calm environment maintain karein, headphones ya eye mask use karein, aur children ke pass rahen.",guidance,departure,roman
151,Airport par flight information kaise check karein?,"Display boards aur airline counters par flight status check karein, boarding time aur gate confirm karein, aur staff instructions follow karein.",guidance,departure,roman
152,Flight me cabin baggage kaise arrange karein?,"Essentials close rakhein, prohibited items separate karein, overhead compartment secure karein, aur staff instructions follow karein.",guidance,departure,roman
153,Airport par fast track security lane kaise avail karein?,"Premium ticket ya membership ke mutabiq lane use karein, documents ready rakhein, aur staff instructions follow karein.",guidance,departure,roman
154,Flight me children aur elderly ki safety kaise ensure karein?,"Seat belt bandhein, mask ya life jacket use karein, calm rahen, aur children/elderly ke pass rahen.",guidance,departure,roman
155,Boarding ke waqt line me order aur patience kaise maintain karein?,"Boarding group ke according pohonchein, documents ready rakhein, polite wait karein, staff instructions follow karein.",guidance,departure,roman
156,Flight me entertainment ke liye kya facilities available hain?,"Movies, TV shows, games aur music available hain, headphones use karein, staff instructions follow karein.",guidance,departure,roman
157,Airport par wheelchair ya disabled assistance kaise avail karein?,"Request pehle se submit karein, information desk ya airline counter contact karein, staff instructions follow karein.",guidance,departure,roman
158,Flight delay ya cancellation me kya steps lene chahiye?,"Airline notifications aur display boards check karein, staff se alternate options aur estimated time confirm karein.",guidance,departure,roman
159,Flight me comfortable sleep ke liye kya tips hain?,"Pillow aur blanket use karein, seat recline karein, headphone ya eye mask use karein, water regularly piyein, staff instructions follow karein.",guidance,departure,roman
160,Children ke liye flight me meals aur snacks kaise arrange karein?,"Healthy aur light meals provide karein, water sath rakhein, children ke pass rahen, staff instructions follow karein.",guidance,departure,roman
161,Airport lost & found ke liye kya steps follow karein?,"Information desk ya airline counter contact karein, report file karein, receipt aur details safe rakhein, staff instructions follow karein.",guidance,departure,roman
162,Flight me personal electronics kaise safe rakhein?,"Devices close rakhein, security check ke liye alag karein, chargers aur batteries rules follow karein, staff instructions follow karein.",guidance,departure,roman
163,Boarding ke waqt documents kaise ready rakhein?,"Passport, boarding pass aur ID ready rakhein, extra print ya receipt sath rakhein, staff instructions follow karein.",guidance,departure,roman
164,Flight me children ke liye activities aur entertainment kaise ensure karein?,"Stories, games aur movies provide karein, headphones use karein, snacks aur water sath rakhein, staff instructions follow karein.",guidance,departure,roman
165,Airport par emergency medical assistance kaise avail karein?,"Information desk ya airline counter se contact karein, first aid kit available hai, staff instructions follow karein.",guidance,departure,roman
166,Flight me noise aur disturbance se kaise bacha jaaye?,"Headphones ya earplugs use karein, calm rahen, staff instructions follow karein, dusre passengers disturb na karein.",guidance,departure,roman
167,Flight me seat ka use kaise optimize karein?,"Seat recline karein, headphones aur eye mask use karein, water aur snacks available rakhein, calm rahen, staff instructions follow karein.",guidance,departure,roman
168,Boarding ke waqt personal items kaise organize karein?,"Cabin bag aur essentials easily accessible rakhein, prohibited items separate rakhein, staff instructions follow karein.",guidance,departure,roman
169,Flight me meals aur drinks kaise manage karein?,"Healthy aur light meals rakhein, children aur elderly ke liye proper quantity, staff instructions follow karein.",guidance,departure,roman
170,Airport special assistance counter kahan hai?,"Signs aur information desk follow karein, staff wheelchair aur disabled assistance provide karega, request pehle se submit karein.",guidance,departure,roman
171,Flight me children ki neend ke liye kya arrangements hain?,"Pillow aur blanket provide karein, calm environment maintain karein, headphones ya eye mask use karein, children ke pass rahen.",guidance,departure,roman
172,Comfortable clothing ke liye kya suggestions hain?,"Light aur comfortable clothes pehnein, easy-to-remove shoes, aur movement-friendly attire select karein.",guidance,departure,roman
173,Check-in ke baad next steps kya hain?,"Boarding pass collect karein, baggage drop karein, security check complete karein, gate aur boarding time confirm karein.",guidance,departure,roman
174,Flight me health aur hygiene kaise maintain karein?,"Hands wash karein ya sanitizer use karein, mask pehnein, water regular piyein, staff instructions follow karein.",guidance,departure,roman
175,Children aur elderly ke liye available facilities kya hain?,"Special seats, headphones, meals aur water provide kiye jate hain, staff assistance lein, safety instructions follow karein.",guidance,departure,roman
176,Boarding se pehle water aur snacks kaise arrange karein?,"Airport cafe ya shops use karein, boarding se pehle purchase karein, staff assistance lein agar needed ho.",guidance,departure,roman
177,Flight me sleeping environment kaise improve karein?,"Seat recline karein, headphones aur eye mask use karein, calm environment maintain karein, staff instructions follow karein.",guidance,departure,roman
178,Children ke liye extra facilities kaise avail karein?,"Wheelchair, special seat ya headphone request pehle se karein, staff instructions follow karein, travel comfortable ho jayega.",guidance,departure,roman
179,Meal quantity aur selection kaise decide karein?,"Healthy aur light meals select karein, children aur elderly ke liye proper quantity rakhein, staff instructions follow karein.",guidance,departure,roman
180,Flight emergency me kya actions lene chahiye?,"Staff instructions follow karein, seat belt bandhein, exit routes use karein, children aur elderly ki help karein.",guidance,departure,roman
181,Boarding line me order aur discipline kaise maintain karein?,"Boarding group ke according pohonchein, documents ready rakhein, politely wait karein, staff instructions follow karein.",guidance,departure,roman
182,Children ke sleep aur comfort ke liye kya facilities hain?,"Pillow aur blanket available hain, calm environment maintain karein, headphones ya eye mask use karein, children ke pass rahen.",guidance,departure,roman
183,Airport lost luggage ke case me kya karein?,"Information desk ya airline counter contact karein, report file karein, receipt aur details safe rakhein, staff instructions follow karein.",guidance,departure,roman
184,Children aur elderly ke liye water aur meal kaise arrange karein?,"Water aur light meals available rakhein, children aur elderly ke liye proper quantity maintain karein, staff instructions follow karein.",guidance,departure,roman
185,Flight me children ke liye entertainment aur safety kaise ensure karein?,"Stories, games aur movies provide karein, headphones use karein, snacks aur water available rakhein, staff instructions follow karein.",guidance,departure,roman
186,Airport par wheelchair ya assistance kaise avail karein?,"Request pehle se submit karein, information desk ya airline counter contact karein, staff instructions follow karein.",guidance,departure,roman
187,Flight me relaxation aur comfort ke liye kya facilities available hain?,"Pillow, blanket, headphone, eye mask, water aur snacks available hain, calm environment me staff assistance milegi.",guidance,departure,roman
188,Boarding ke waqt personal items kaise organize karein?,"Cabin bag aur essentials easily accessible rakhein, prohibited items separate rakhein, staff instructions follow karein.",guidance,departure,roman
189,Flight me meals aur drinks kaise manage karein?,"Healthy aur light meals rakhein, children aur elderly ke liye suitable quantity, staff instructions follow karein.",guidance,departure,roman
190,Airport par special assistance counter kahan hai?,"Signs aur information desk follow karein, staff wheelchair aur disabled assistance provide karega, request pehle se submit karein.",guidance,departure,roman
191,Flight me children ki neend ke liye kya arrangements hain?,"Pillow aur blanket provide karein, calm environment maintain karein, headphones ya eye mask use karein, children ke pass rahen.",guidance,departure,roman
192,Flight me personal electronics kaise safe rakhein?,"Devices close rakhein, security check ke liye alag karein, chargers aur batteries rules follow karein, staff instructions follow karein.",guidance,departure,roman
193,Flight me children aur elderly ki safety kaise ensure karein?,"Seat belt bandhein, mask ya life jacket use karein, calm rahen, aur children/elderly ke pass rahen.",guidance,departure,roman
194,Airport par emergency medical assistance kaise avail karein?,"Information desk ya airline counter se contact karein, first aid kit available hai, staff instructions follow karein.",guidance,departure,roman
195,Flight delay ya cancellation me kya steps lene chahiye?,"Airline notifications aur display boards check karein, staff se alternate options aur updated timings confirm karein.",guidance,departure,roman
196,Comfortable clothing ke liye kya tips hain?,"Light aur comfortable clothes pehnein, easy-to-remove shoes, aur movement-friendly attire select karein.",guidance,departure,roman
197,Boarding ke waqt queue me patience kaise rakhein?,"Boarding group ke according pohonchein, boarding pass ready rakhein, politely wait karein, staff instructions follow karein.",guidance,departure,roman
198,Flight me entertainment ke liye kya facilities available hain?,"Movies, TV shows, games aur music available hain, headphones use karein, staff instructions follow karein.",guidance,departure,roman
199,Airport lost & found ke liye kya steps follow karein?,"Information desk ya airline counter contact karein, report file karein, receipt aur details safe rakhein, staff instructions follow karein.",guidance,departure,roman
200,Flight me comfort aur relaxation ke liye kya tips hain?,"Pillow, blanket, headphone, eye mask, water aur snacks available rakhein, calm environment maintain karein, staff instructions follow karein.",guidance,departure,roman
